vehicle_id,timestamp_lend,lng_lend,lat_lend,timestamp_returned,lng_returned,lat_returned,current_range_meters_lend,pedelec_battery_lend,pedelec_battery_returned,current_range_meters_returned
5183,2024-03-07 00:09:00+00:00,8.6776,49.4003,2024-03-07 00:24:00+00:00,8.706,49.4125,43000,95,86,39000
6572,2024-03-07 00:09:00+00:00,8.6544,49.4083,2024-03-07 00:15:00+00:00,8.6415,49.4123,14000,41,38,13000
9025,2024-03-07 00:12:00+00:00,8.6765,49.415,2024-03-07 08:48:00+00:00,8.6762,49.4148,1000,16,14,0
3298,2024-03-07 00:18:00+00:00,8.6781,49.4081,2024-03-07 00:33:00+00:00,8.6448,49.3948,21000,54,47,18000
5359,2024-03-07 00:21:00+00:00,8.67,49.3995,2024-03-07 00:33:00+00:00,8.6384,49.4013,25000,61,56,22000
8951,2024-03-07 00:42:00+00:00,8.7187,49.4092,2024-03-07 02:18:00+00:00,8.7187,49.4095,29000,69,69,29000
7986,2024-03-07 00:42:00+00:00,8.6927,49.408,2024-03-07 00:54:00+00:00,8.6826,49.429,24000,58,53,21000
1190,2024-03-07 00:45:00+00:00,8.69,49.415,2024-03-07 00:54:00+00:00,8.6879,49.4245,5000,23,20,3000
5526,2024-03-07 00:51:00+00:00,8.6861,49.4093,2024-03-07 01:00:00+00:00,8.7068,49.4128,31000,72,69,29000
829,2024-03-07 00:54:00+00:00,8.6639,49.4042,2024-03-07 01:00:00+00:00,8.6724,49.4061,18000,48,48,18000
2910,2024-03-07 01:06:00+00:00,8.6621,49.416,2024-03-07 02:03:00+00:00,8.6928,49.3463,38000,85,50,19000
10575,2024-03-07 01:09:00+00:00,8.6443,49.4119,2024-03-07 04:30:00+00:00,8.6445,49.4119,33000,75,75,33000
2486,2024-03-07 01:21:00+00:00,8.6764,49.4183,2024-03-07 01:30:00+00:00,8.6729,49.4089,38000,85,81,36000
3565,2024-03-07 01:51:00+00:00,8.6823,49.4327,2024-03-07 02:09:00+00:00,8.6766,49.4422,41000,91,86,39000
1021,2024-03-07 01:54:00+00:00,8.6825,49.4318,2024-03-07 02:09:00+00:00,8.6766,49.442,44000,96,92,42000
2434,2024-03-07 02:00:00+00:00,8.6716,49.3753,2024-03-07 02:15:00+00:00,8.6723,49.3773,5000,24,18,2000
5359,2024-03-07 02:12:00+00:00,8.634,49.401,2024-03-07 02:18:00+00:00,8.6474,49.4012,21000,54,51,20000
6907,2024-03-07 02:30:00+00:00,8.6698,49.4063,2024-03-07 02:36:00+00:00,8.6691,49.4045,41000,90,90,41000
12165,2024-03-07 02:36:00+00:00,8.6851,49.3982,2024-03-07 02:45:00+00:00,8.6767,49.404,43000,95,95,43000
80,2024-03-07 02:36:00+00:00,8.7163,49.4135,2024-03-07 02:54:00+00:00,8.6764,49.4045,18000,47,37,12000
9654,2024-03-07 02:39:00+00:00,8.6748,49.4032,2024-03-07 02:45:00+00:00,8.6824,49.3963,24000,59,55,22000
10640,2024-03-07 02:57:00+00:00,8.7163,49.4136,2024-03-07 03:15:00+00:00,8.6767,49.4046,41000,90,80,35000
4237,2024-03-07 03:09:00+00:00,8.6864,49.3922,2024-03-07 03:18:00+00:00,8.675,49.4073,6000,26,21,4000
4531,2024-03-07 03:36:00+00:00,8.6488,49.4284,2024-03-07 05:27:00+00:00,8.6486,49.4285,42000,93,92,42000
11589,2024-03-07 03:36:00+00:00,8.659,49.3786,2024-03-07 03:54:00+00:00,8.6757,49.4025,35000,79,71,31000
11005,2024-03-07 03:57:00+00:00,8.6874,49.3794,2024-03-07 04:12:00+00:00,8.694,49.408,32000,74,63,26000
5933,2024-03-07 04:24:00+00:00,8.6855,49.3789,2024-03-07 04:30:00+00:00,8.6761,49.3806,21000,53,51,20000
6972,2024-03-07 04:27:00+00:00,8.6507,49.3962,2024-03-07 04:45:00+00:00,8.6788,49.3838,31000,72,60,25000
10067,2024-03-07 04:36:00+00:00,8.682,49.3901,2024-03-07 04:42:00+00:00,8.6804,49.3843,3000,19,19,3000
2842,2024-03-07 04:36:00+00:00,8.6487,49.3972,2024-03-07 04:51:00+00:00,8.6748,49.3789,18000,48,38,13000
7248,2024-03-07 04:42:00+00:00,8.6781,49.3816,2024-03-07 04:51:00+00:00,8.6658,49.3775,13000,39,37,12000
7105,2024-03-07 04:42:00+00:00,8.6799,49.4355,2024-03-07 04:54:00+00:00,8.685,49.4233,27000,65,55,22000
10898,2024-03-07 04:54:00+00:00,8.6909,49.406,2024-03-07 05:06:00+00:00,8.6679,49.4181,33000,76,70,30000
8917,2024-03-07 04:57:00+00:00,8.6845,49.4261,2024-03-07 05:09:00+00:00,8.6697,49.4158,39000,87,81,36000
11091,2024-03-07 05:09:00+00:00,8.6815,49.4148,2024-03-07 05:21:00+00:00,8.6977,49.4102,36000,82,80,35000
7596,2024-03-07 05:09:00+00:00,8.6661,49.4023,2024-03-07 05:21:00+00:00,8.6878,49.4083,39000,86,81,36000
8710,2024-03-07 05:12:00+00:00,8.6863,49.408,2024-03-07 05:18:00+00:00,8.6863,49.408,27000,64,64,27000
3713,2024-03-07 05:12:00+00:00,8.6922,49.4082,2024-03-07 05:18:00+00:00,8.6734,49.4059,34000,78,77,34000
7344,2024-03-07 05:15:00+00:00,8.6744,49.4019,2024-03-07 05:21:00+00:00,8.6752,49.4031,41000,90,89,40000
4392,2024-03-07 05:15:00+00:00,8.6698,49.4072,2024-03-07 05:24:00+00:00,8.6787,49.3998,41000,90,88,40000
10190,2024-03-07 05:18:00+00:00,8.6691,49.3842,2024-03-07 05:24:00+00:00,8.6691,49.3842,24000,58,58,24000
11757,2024-03-07 05:18:00+00:00,8.6805,49.3949,2024-03-07 05:24:00+00:00,8.6805,49.3949,43000,95,95,43000
152,2024-03-07 05:27:00+00:00,8.7082,49.4074,2024-03-07 05:51:00+00:00,8.6678,49.4155,46000,100,92,42000
6032,2024-03-07 05:30:00+00:00,8.6795,49.3732,2024-03-07 05:54:00+00:00,8.6795,49.3732,21000,53,53,21000
9978,2024-03-07 05:30:00+00:00,8.6428,49.4282,2024-03-07 05:45:00+00:00,8.639,49.4362,9000,31,28,8000
12138,2024-03-07 05:33:00+00:00,8.6758,49.4026,2024-03-07 05:42:00+00:00,8.6748,49.3942,43000,94,92,42000
7105,2024-03-07 05:36:00+00:00,8.6849,49.4232,2024-03-07 05:45:00+00:00,8.6816,49.4339,22000,55,53,21000
8191,2024-03-07 05:36:00+00:00,8.6491,49.4002,2024-03-07 07:30:00+00:00,8.649,49.4002,1000,16,15,1000
1430,2024-03-07 05:36:00+00:00,8.6794,49.3798,2024-03-07 05:51:00+00:00,8.6942,49.4063,20000,52,45,17000
6192,2024-03-07 05:42:00+00:00,8.6687,49.4032,2024-03-07 05:57:00+00:00,8.6742,49.3819,26000,62,52,20000
11296,2024-03-07 05:42:00+00:00,8.6817,49.429,2024-03-07 06:09:00+00:00,8.6391,49.4015,43000,94,82,36000
9878,2024-03-07 05:42:00+00:00,8.6902,49.4203,2024-03-07 06:00:00+00:00,8.6614,49.4176,41000,91,89,40000
1166,2024-03-07 05:45:00+00:00,8.6456,49.3996,2024-03-07 06:09:00+00:00,8.6781,49.3837,20000,52,40,14000
5359,2024-03-07 05:48:00+00:00,8.6475,49.4013,2024-03-07 05:54:00+00:00,8.6475,49.4013,19000,49,49,19000
2920,2024-03-07 05:48:00+00:00,8.6937,49.4088,2024-03-07 05:54:00+00:00,8.6937,49.4088,24000,58,57,23000
9369,2024-03-07 05:48:00+00:00,8.6513,49.4191,2024-03-07 05:54:00+00:00,8.6513,49.4191,22000,56,56,22000
11514,2024-03-07 05:48:00+00:00,8.6888,49.3764,2024-03-07 05:54:00+00:00,8.6883,49.3737,33000,76,76,33000
11424,2024-03-07 05:48:00+00:00,8.6909,49.4095,2024-03-07 05:54:00+00:00,8.6909,49.4095,16000,44,44,16000
4531,2024-03-07 05:48:00+00:00,8.6486,49.4285,2024-03-07 07:12:00+00:00,8.6487,49.4284,41000,91,91,41000
12513,2024-03-07 05:51:00+00:00,8.6806,49.3726,2024-03-07 06:03:00+00:00,8.6806,49.3726,5000,23,23,5000
3138,2024-03-07 05:51:00+00:00,8.6404,49.4021,2024-03-07 06:03:00+00:00,8.6491,49.4226,40000,89,83,37000
555,2024-03-07 05:51:00+00:00,8.6896,49.3964,2024-03-07 06:00:00+00:00,8.6889,49.4024,35000,80,79,35000
7248,2024-03-07 05:54:00+00:00,8.6658,49.3775,2024-03-07 06:12:00+00:00,8.6812,49.4045,11000,35,24,5000
3280,2024-03-07 05:54:00+00:00,8.6791,49.3724,2024-03-07 06:00:00+00:00,8.6761,49.3806,16000,43,39,13000
11571,2024-03-07 05:54:00+00:00,8.6615,49.3814,2024-03-07 06:21:00+00:00,8.6457,49.4236,29000,69,51,20000
6153,2024-03-07 06:03:00+00:00,8.6947,49.3781,2024-03-07 06:09:00+00:00,8.6878,49.3802,34000,78,78,34000
1319,2024-03-07 06:03:00+00:00,8.6765,49.4127,2024-03-07 06:15:00+00:00,8.6675,49.4197,25000,61,57,23000
471,2024-03-07 06:06:00+00:00,8.6645,49.3848,2024-03-07 06:18:00+00:00,8.6874,49.3803,40000,89,84,37000
2591,2024-03-07 06:06:00+00:00,8.6897,49.402,2024-03-07 06:54:00+00:00,8.6764,49.4044,43000,95,90,41000
6132,2024-03-07 06:06:00+00:00,8.6694,49.4019,2024-03-07 06:12:00+00:00,8.6696,49.4018,39000,87,87,39000
10784,2024-03-07 06:09:00+00:00,8.6695,49.4018,2024-03-07 06:15:00+00:00,8.6755,49.4025,46000,100,100,46000
80,2024-03-07 06:12:00+00:00,8.6764,49.4044,2024-03-07 06:27:00+00:00,8.7004,49.4099,13000,39,34,11000
9754,2024-03-07 06:12:00+00:00,8.6937,49.4088,2024-03-07 06:24:00+00:00,8.6769,49.419,25000,60,54,21000
2308,2024-03-07 06:12:00+00:00,8.6685,49.404,2024-03-07 06:18:00+00:00,8.6711,49.4091,20000,52,52,20000
7248,2024-03-07 06:12:00+00:00,8.6812,49.4045,2024-03-07 06:18:00+00:00,8.6928,49.4089,5000,24,21,4000
10698,2024-03-07 06:15:00+00:00,8.6685,49.4075,2024-03-07 06:27:00+00:00,8.6685,49.4075,20000,51,51,20000
12486,2024-03-07 06:18:00+00:00,8.6772,49.405,2024-03-07 06:27:00+00:00,8.6759,49.4191,28000,66,60,25000
6129,2024-03-07 06:24:00+00:00,8.6766,49.4127,2024-03-07 06:33:00+00:00,8.6615,49.4174,17000,45,44,16000
2855,2024-03-07 06:30:00+00:00,8.6926,49.3929,2024-03-07 06:42:00+00:00,8.6781,49.3781,46000,100,93,42000
1061,2024-03-07 06:30:00+00:00,8.6903,49.3896,2024-03-07 06:36:00+00:00,8.6831,49.3904,46000,100,100,46000
6032,2024-03-07 06:33:00+00:00,8.6795,49.3732,2024-03-07 06:51:00+00:00,8.6795,49.3732,21000,53,53,21000
7243,2024-03-07 06:33:00+00:00,8.6698,49.4071,2024-03-07 06:42:00+00:00,8.6752,49.4049,27000,65,65,27000
2867,2024-03-07 06:36:00+00:00,8.683,49.3957,2024-03-07 06:51:00+00:00,8.6784,49.3774,34000,78,75,33000
5184,2024-03-07 06:36:00+00:00,8.6982,49.412,2024-03-07 06:42:00+00:00,8.6917,49.411,36000,82,80,35000
12259,2024-03-07 06:39:00+00:00,8.6891,49.4048,2024-03-07 06:51:00+00:00,8.6727,49.3988,33000,75,72,31000
12486,2024-03-07 06:39:00+00:00,8.6759,49.4191,2024-03-07 06:57:00+00:00,8.6902,49.3923,24000,59,51,20000
7076,2024-03-07 06:42:00+00:00,8.6765,49.4127,2024-03-07 06:51:00+00:00,8.7093,49.4152,25000,61,54,21000
12105,2024-03-07 06:42:00+00:00,8.6862,49.4127,2024-03-07 06:51:00+00:00,8.677,49.4088,43000,95,93,42000
1958,2024-03-07 06:45:00+00:00,8.6828,49.4021,2024-03-07 07:33:00+00:00,8.6828,49.4021,43000,94,93,42000
8110,2024-03-07 06:45:00+00:00,8.69,49.4054,2024-03-07 07:03:00+00:00,8.6521,49.399,28000,67,59,24000
790,2024-03-07 06:45:00+00:00,8.6488,49.4188,2024-03-07 07:03:00+00:00,8.6921,49.4173,28000,67,52,20000
11448,2024-03-07 06:45:00+00:00,8.6837,49.3804,2024-03-07 06:51:00+00:00,8.6753,49.3789,31000,72,72,31000
1430,2024-03-07 06:45:00+00:00,8.6941,49.4066,2024-03-07 06:57:00+00:00,8.6864,49.3899,15000,42,39,13000
11349,2024-03-07 06:48:00+00:00,8.6767,49.3742,2024-03-07 07:03:00+00:00,8.6767,49.3742,43000,95,95,43000
5957,2024-03-07 06:51:00+00:00,8.6828,49.402,2024-03-07 09:12:00+00:00,8.6768,49.4064,27000,64,61,25000
6032,2024-03-07 06:51:00+00:00,8.6795,49.3732,2024-03-07 07:06:00+00:00,8.6892,49.3986,21000,53,46,17000
11986,2024-03-07 06:51:00+00:00,8.6377,49.4141,2024-03-07 07:12:00+00:00,8.6829,49.3904,19000,49,34,11000
5183,2024-03-07 06:54:00+00:00,8.7061,49.4123,2024-03-07 07:03:00+00:00,8.695,49.4115,40000,89,87,39000
11928,2024-03-07 06:54:00+00:00,8.6997,49.4103,2024-03-07 07:06:00+00:00,8.68,49.4054,15000,42,38,13000
5693,2024-03-07 06:54:00+00:00,8.6782,49.4079,2024-03-07 07:09:00+00:00,8.6659,49.4149,23000,57,48,18000
7986,2024-03-07 06:57:00+00:00,8.6824,49.4295,2024-03-07 07:15:00+00:00,8.693,49.4062,19000,50,41,14000
7404,2024-03-07 06:57:00+00:00,8.6776,49.406,2024-03-07 07:06:00+00:00,8.6749,49.4188,32000,74,70,30000
8019,2024-03-07 06:57:00+00:00,8.6662,49.4023,2024-03-07 07:18:00+00:00,8.6663,49.4011,37000,83,72,31000
11867,2024-03-07 07:00:00+00:00,8.6937,49.3781,2024-03-07 07:06:00+00:00,8.6937,49.3781,14000,41,41,14000
8238,2024-03-07 07:00:00+00:00,8.6916,49.3792,2024-03-07 07:09:00+00:00,8.6906,49.3869,46000,100,100,46000
3298,2024-03-07 07:03:00+00:00,8.6447,49.3949,2024-03-07 07:24:00+00:00,8.6757,49.4217,17000,45,32,10000
6213,2024-03-07 07:06:00+00:00,8.6808,49.3807,2024-03-07 07:15:00+00:00,8.6914,49.3819,24000,58,56,22000
4541,2024-03-07 07:12:00+00:00,8.6795,49.398,2024-03-07 07:21:00+00:00,8.694,49.4057,36000,81,73,32000
6111,2024-03-07 07:12:00+00:00,8.6542,49.4061,2024-03-07 08:12:00+00:00,8.6542,49.4061,42000,92,92,42000
4179,2024-03-07 07:15:00+00:00,8.647,49.411,2024-03-07 07:21:00+00:00,8.6583,49.4094,16000,43,40,14000
2856,2024-03-07 07:15:00+00:00,8.6792,49.4055,2024-03-07 07:24:00+00:00,8.6945,49.4079,11000,34,31,9000
555,2024-03-07 07:15:00+00:00,8.6885,49.4026,2024-03-07 07:27:00+00:00,8.6881,49.4078,34000,77,75,33000
12259,2024-03-07 07:15:00+00:00,8.6727,49.3988,2024-03-07 07:24:00+00:00,8.6854,49.4055,31000,72,68,29000
3337,2024-03-07 07:18:00+00:00,8.6621,49.3875,2024-03-07 07:27:00+00:00,8.6728,49.3988,12000,37,32,10000
8238,2024-03-07 07:21:00+00:00,8.6906,49.3869,2024-03-07 07:30:00+00:00,8.6896,49.3981,46000,100,98,45000
7427,2024-03-07 07:21:00+00:00,8.6937,49.4088,2024-03-07 07:33:00+00:00,8.6757,49.4207,20000,51,43,16000
1319,2024-03-07 07:24:00+00:00,8.667,49.42,2024-03-07 07:42:00+00:00,8.6712,49.4134,21000,53,46,17000
5920,2024-03-07 07:24:00+00:00,8.7101,49.4095,2024-03-07 07:33:00+00:00,8.7201,49.4126,33000,76,70,30000
10271,2024-03-07 07:30:00+00:00,8.6453,49.4018,2024-03-07 07:42:00+00:00,8.6705,49.401,39000,86,81,36000
3671,2024-03-07 07:30:00+00:00,8.6661,49.4054,2024-03-07 07:36:00+00:00,8.6661,49.4054,39000,87,87,39000
807,2024-03-07 07:30:00+00:00,8.6797,49.4363,2024-03-07 07:42:00+00:00,8.681,49.4193,12000,37,32,10000
8546,2024-03-07 07:30:00+00:00,8.7102,49.4114,2024-03-07 07:42:00+00:00,8.6823,49.4049,36000,81,74,32000
850,2024-03-07 07:30:00+00:00,8.6495,49.4143,2024-03-07 07:36:00+00:00,8.6495,49.4143,32000,73,73,32000
8190,2024-03-07 07:33:00+00:00,8.6476,49.3969,2024-03-07 09:12:00+00:00,8.6476,49.3969,2000,18,18,2000
9397,2024-03-07 07:33:00+00:00,8.6852,49.4187,2024-03-07 07:45:00+00:00,8.6917,49.4082,25000,60,55,22000
12957,2024-03-07 07:33:00+00:00,8.6768,49.4063,2024-03-07 20:27:00+00:00,8.6759,49.4192,2000,18,8,0
11448,2024-03-07 07:36:00+00:00,8.6751,49.3788,2024-03-07 07:42:00+00:00,8.6719,49.3786,30000,70,70,30000
12685,2024-03-07 07:36:00+00:00,8.7051,49.4089,2024-03-07 07:54:00+00:00,8.7204,49.4127,8000,29,17,2000
7298,2024-03-07 07:36:00+00:00,8.6868,49.4248,2024-03-07 07:42:00+00:00,8.6778,49.4171,22000,56,52,20000
12066,2024-03-07 07:36:00+00:00,8.7119,49.4115,2024-03-07 07:42:00+00:00,8.7132,49.409,42000,92,86,39000
8646,2024-03-07 07:39:00+00:00,8.6904,49.3834,2024-03-07 08:00:00+00:00,8.6727,49.3947,36000,81,72,31000
0,2024-03-07 07:39:00+00:00,8.6764,49.4127,2024-03-07 07:48:00+00:00,8.6679,49.4156,24000,58,58,24000
9410,2024-03-07 07:39:00+00:00,8.6766,49.4127,2024-03-07 07:51:00+00:00,8.6921,49.4107,20000,51,47,18000
5457,2024-03-07 07:39:00+00:00,8.6603,49.4058,2024-03-07 07:51:00+00:00,8.6793,49.4132,15000,42,37,12000
7596,2024-03-07 07:39:00+00:00,8.6878,49.4083,2024-03-07 07:54:00+00:00,8.6746,49.3961,35000,80,76,33000
3294,2024-03-07 07:42:00+00:00,8.689,49.4158,2024-03-07 08:06:00+00:00,8.6751,49.4179,38000,85,71,31000
7221,2024-03-07 07:45:00+00:00,8.6832,49.4265,2024-03-07 07:54:00+00:00,8.6779,49.4172,33000,75,72,31000
11503,2024-03-07 07:45:00+00:00,8.6931,49.4098,2024-03-07 07:51:00+00:00,8.691,49.4173,34000,78,76,33000
11933,2024-03-07 07:48:00+00:00,8.6459,49.4029,2024-03-07 07:57:00+00:00,8.6459,49.4029,34000,77,77,34000
5831,2024-03-07 07:51:00+00:00,8.6815,49.4029,2024-03-07 07:57:00+00:00,8.6896,49.4043,28000,66,66,28000
8268,2024-03-07 07:54:00+00:00,8.6932,49.4097,2024-03-07 08:03:00+00:00,8.6932,49.4097,41000,91,91,41000
5725,2024-03-07 07:54:00+00:00,8.693,49.4035,2024-03-07 08:00:00+00:00,8.6893,49.3984,9000,31,29,8000
319,2024-03-07 07:54:00+00:00,8.6436,49.4023,2024-03-07 08:00:00+00:00,8.6394,49.3956,7000,27,27,7000
8328,2024-03-07 07:54:00+00:00,8.6859,49.4276,2024-03-07 08:09:00+00:00,8.6763,49.4042,39000,87,79,35000
7221,2024-03-07 07:57:00+00:00,8.6779,49.4172,2024-03-07 08:03:00+00:00,8.675,49.4176,31000,72,71,31000
2928,2024-03-07 07:57:00+00:00,8.6736,49.4021,2024-03-07 08:03:00+00:00,8.6738,49.4023,39000,86,86,39000
6957,2024-03-07 07:57:00+00:00,8.7086,49.4113,2024-03-07 08:15:00+00:00,8.6786,49.4128,5000,24,19,3000
4425,2024-03-07 08:00:00+00:00,8.6758,49.3988,2024-03-07 08:06:00+00:00,8.6736,49.3941,40000,89,87,39000
12840,2024-03-07 08:00:00+00:00,8.6886,49.3753,2024-03-07 08:09:00+00:00,8.6905,49.387,29000,69,68,29000
2591,2024-03-07 08:03:00+00:00,8.6764,49.4044,2024-03-07 08:12:00+00:00,8.6963,49.4089,41000,90,88,40000
10271,2024-03-07 08:03:00+00:00,8.6707,49.4012,2024-03-07 08:24:00+00:00,8.639,49.4243,34000,78,63,26000
12165,2024-03-07 08:06:00+00:00,8.6766,49.4041,2024-03-07 08:15:00+00:00,8.6906,49.4016,42000,93,92,42000
2702,2024-03-07 08:06:00+00:00,8.6785,49.4025,2024-03-07 08:12:00+00:00,8.6785,49.4025,45000,99,99,45000
3671,2024-03-07 08:06:00+00:00,8.6661,49.4054,2024-03-07 08:21:00+00:00,8.6661,49.4054,39000,87,87,39000
9397,2024-03-07 08:06:00+00:00,8.6916,49.4082,2024-03-07 08:15:00+00:00,8.7037,49.4104,21000,54,53,21000
2856,2024-03-07 08:06:00+00:00,8.695,49.4075,2024-03-07 08:15:00+00:00,8.7101,49.4113,9000,30,25,6000
7671,2024-03-07 08:06:00+00:00,8.6807,49.3795,2024-03-07 08:12:00+00:00,8.6799,49.3796,25000,60,60,25000
8328,2024-03-07 08:09:00+00:00,8.6763,49.4042,2024-03-07 08:15:00+00:00,8.6831,49.4081,35000,79,79,35000
1665,2024-03-07 08:09:00+00:00,8.691,49.3796,2024-03-07 08:21:00+00:00,8.6828,49.374,25000,60,58,24000
12825,2024-03-07 08:09:00+00:00,8.6807,49.3795,2024-03-07 08:15:00+00:00,8.6699,49.3791,28000,66,63,26000
5052,2024-03-07 08:12:00+00:00,8.6828,49.381,2024-03-07 08:18:00+00:00,8.6781,49.3823,24000,58,58,24000
10587,2024-03-07 08:12:00+00:00,8.6717,49.4072,2024-03-07 08:18:00+00:00,8.6728,49.4085,43000,94,94,43000
2486,2024-03-07 08:15:00+00:00,8.6724,49.4089,2024-03-07 08:30:00+00:00,8.6737,49.4197,35000,80,77,34000
5831,2024-03-07 08:15:00+00:00,8.6896,49.4043,2024-03-07 08:36:00+00:00,8.7017,49.4125,26000,63,57,23000
5802,2024-03-07 08:15:00+00:00,8.6491,49.4051,2024-03-07 08:21:00+00:00,8.6493,49.4048,29000,68,68,29000
12192,2024-03-07 08:21:00+00:00,8.689,49.4047,2024-03-07 08:36:00+00:00,8.7018,49.4126,41000,91,85,38000
9654,2024-03-07 08:27:00+00:00,8.6824,49.3964,2024-03-07 08:39:00+00:00,8.6901,49.3796,21000,54,48,18000
2830,2024-03-07 08:30:00+00:00,8.6821,49.3833,2024-03-07 08:36:00+00:00,8.6825,49.3856,33000,76,74,32000
2592,2024-03-07 08:30:00+00:00,8.6806,49.3991,2024-03-07 08:36:00+00:00,8.6856,49.3974,35000,80,80,35000
5526,2024-03-07 08:30:00+00:00,8.7071,49.4125,2024-03-07 08:45:00+00:00,8.6744,49.4171,27000,65,56,22000
4778,2024-03-07 08:30:00+00:00,8.6909,49.4018,2024-03-07 08:48:00+00:00,8.6783,49.4126,44000,96,91,41000
3101,2024-03-07 08:33:00+00:00,8.6823,49.3886,2024-03-07 08:39:00+00:00,8.6823,49.3886,39000,86,86,39000
337,2024-03-07 08:36:00+00:00,8.6535,49.4133,2024-03-07 08:51:00+00:00,8.6775,49.3998,17000,45,38,13000
8860,2024-03-07 08:36:00+00:00,8.6936,49.4088,2024-03-07 08:42:00+00:00,8.7007,49.4093,13000,39,39,13000
3193,2024-03-07 08:39:00+00:00,8.6874,49.3794,2024-03-07 08:57:00+00:00,8.6691,49.3808,24000,58,54,21000
6572,2024-03-07 08:42:00+00:00,8.6415,49.4123,2024-03-07 08:54:00+00:00,8.6592,49.4094,12000,36,31,9000
12825,2024-03-07 08:42:00+00:00,8.6698,49.3791,2024-03-07 09:03:00+00:00,8.6935,49.4097,26000,63,52,20000
2232,2024-03-07 08:45:00+00:00,8.6682,49.404,2024-03-07 08:54:00+00:00,8.6627,49.4088,25000,61,59,24000
9744,2024-03-07 08:45:00+00:00,8.6727,49.4064,2024-03-07 08:54:00+00:00,8.6621,49.403,40000,89,89,40000
12237,2024-03-07 08:45:00+00:00,8.663,49.383,2024-03-07 08:54:00+00:00,8.6739,49.3786,5000,23,23,5000
8569,2024-03-07 08:45:00+00:00,8.7104,49.4096,2024-03-07 09:00:00+00:00,8.7012,49.4115,18000,48,48,18000
9283,2024-03-07 08:48:00+00:00,8.6695,49.4018,2024-03-07 09:00:00+00:00,8.6732,49.415,43000,95,91,41000
5696,2024-03-07 08:48:00+00:00,8.6883,49.4234,2024-03-07 09:00:00+00:00,8.6568,49.4252,19000,50,46,17000
11876,2024-03-07 08:48:00+00:00,8.6857,49.3923,2024-03-07 08:54:00+00:00,8.6862,49.3974,46000,100,99,45000
3713,2024-03-07 08:48:00+00:00,8.6731,49.4059,2024-03-07 09:06:00+00:00,8.6697,49.4178,32000,74,67,28000
7085,2024-03-07 08:48:00+00:00,8.6635,49.387,2024-03-07 09:03:00+00:00,8.6758,49.4024,41000,91,85,38000
9025,2024-03-07 08:51:00+00:00,8.6762,49.4148,2024-03-07 10:03:00+00:00,8.6764,49.4149,0,14,14,0
3670,2024-03-07 08:51:00+00:00,8.6779,49.4048,2024-03-07 09:03:00+00:00,8.6728,49.3947,37000,84,80,35000
9397,2024-03-07 08:51:00+00:00,8.704,49.4107,2024-03-07 09:06:00+00:00,8.6742,49.3942,20000,51,42,15000
6572,2024-03-07 08:54:00+00:00,8.6592,49.4094,2024-03-07 09:03:00+00:00,8.6592,49.4094,9000,31,31,9000
371,2024-03-07 08:54:00+00:00,8.6662,49.4023,2024-03-07 09:00:00+00:00,8.6715,49.399,34000,77,76,33000
10903,2024-03-07 08:57:00+00:00,8.6676,49.4191,2024-03-07 11:12:00+00:00,8.6677,49.419,31000,72,72,31000
11503,2024-03-07 09:00:00+00:00,8.6906,49.4173,2024-03-07 09:06:00+00:00,8.6903,49.4173,33000,75,75,33000
7500,2024-03-07 09:03:00+00:00,8.6643,49.403,2024-03-07 09:12:00+00:00,8.6643,49.403,0,8,8,0
7194,2024-03-07 09:06:00+00:00,8.6893,49.4157,2024-03-07 09:12:00+00:00,8.6919,49.4104,35000,80,78,34000
957,2024-03-07 09:09:00+00:00,8.6834,49.4141,2024-03-07 09:18:00+00:00,8.6757,49.4065,27000,65,64,27000
80,2024-03-07 09:12:00+00:00,8.7005,49.41,2024-03-07 09:24:00+00:00,8.685,49.4327,10000,33,21,4000
7097,2024-03-07 09:12:00+00:00,8.6848,49.3943,2024-03-07 09:27:00+00:00,8.711,49.4115,32000,74,66,28000
5183,2024-03-07 09:12:00+00:00,8.6946,49.4113,2024-03-07 09:21:00+00:00,8.7082,49.413,39000,86,88,40000
8569,2024-03-07 09:12:00+00:00,8.7012,49.4115,2024-03-07 09:21:00+00:00,8.7103,49.4095,18000,47,41,14000
11571,2024-03-07 09:15:00+00:00,8.6457,49.4237,2024-03-07 09:36:00+00:00,8.674,49.4172,20000,51,36,12000
777,2024-03-07 09:15:00+00:00,8.6666,49.402,2024-03-07 09:21:00+00:00,8.6666,49.402,40000,88,88,40000
5933,2024-03-07 09:18:00+00:00,8.676,49.3806,2024-03-07 09:27:00+00:00,8.6869,49.3801,19000,50,50,19000
9704,2024-03-07 09:18:00+00:00,8.6669,49.4016,2024-03-07 09:42:00+00:00,8.6681,49.4042,34000,77,76,33000
5646,2024-03-07 09:21:00+00:00,8.6977,49.41,2024-03-07 09:27:00+00:00,8.7033,49.4102,40000,89,89,40000
3799,2024-03-07 09:27:00+00:00,8.6911,49.3826,2024-03-07 09:39:00+00:00,8.6808,49.3792,35000,80,79,35000
12689,2024-03-07 09:27:00+00:00,8.6697,49.407,2024-03-07 09:36:00+00:00,8.6762,49.4159,16000,43,38,13000
10850,2024-03-07 09:27:00+00:00,8.6712,49.4198,2024-03-07 09:51:00+00:00,8.6397,49.4017,40000,89,78,34000
8917,2024-03-07 09:27:00+00:00,8.6695,49.4157,2024-03-07 09:42:00+00:00,8.6886,49.4232,34000,78,73,32000
1387,2024-03-07 09:36:00+00:00,8.6662,49.4023,2024-03-07 09:45:00+00:00,8.6728,49.3947,34000,78,77,34000
1356,2024-03-07 09:39:00+00:00,8.6952,49.4088,2024-03-07 09:45:00+00:00,8.7028,49.4102,31000,72,70,30000
4193,2024-03-07 09:39:00+00:00,8.7122,49.4116,2024-03-07 09:48:00+00:00,8.6941,49.4088,24000,59,57,23000
2339,2024-03-07 09:45:00+00:00,8.692,49.4072,2024-03-07 09:57:00+00:00,8.6758,49.4071,21000,54,51,20000
10425,2024-03-07 09:45:00+00:00,8.6722,49.4033,2024-03-07 10:00:00+00:00,8.7059,49.4105,16000,43,31,9000
12838,2024-03-07 09:48:00+00:00,8.6807,49.3796,2024-03-07 09:54:00+00:00,8.6767,49.3803,28000,67,67,28000
12825,2024-03-07 09:48:00+00:00,8.6931,49.4098,2024-03-07 10:09:00+00:00,8.6714,49.3774,20000,51,41,14000
11202,2024-03-07 09:48:00+00:00,8.6764,49.4081,2024-03-07 10:00:00+00:00,8.675,49.4185,3000,19,17,2000
2591,2024-03-07 09:51:00+00:00,8.6966,49.4089,2024-03-07 10:06:00+00:00,8.673,49.4175,38000,85,79,35000
2866,2024-03-07 09:51:00+00:00,8.6605,49.3804,2024-03-07 10:06:00+00:00,8.6892,49.3984,16000,44,35,11000
5345,2024-03-07 09:51:00+00:00,8.6455,49.3962,2024-03-07 10:03:00+00:00,8.6687,49.4008,12000,36,29,8000
8881,2024-03-07 09:51:00+00:00,8.6691,49.4048,2024-03-07 11:12:00+00:00,8.6691,49.4048,40000,89,89,40000
3650,2024-03-07 09:54:00+00:00,8.6791,49.4035,2024-03-07 10:03:00+00:00,8.68,49.4041,26000,63,62,26000
3799,2024-03-07 09:54:00+00:00,8.6805,49.379,2024-03-07 10:00:00+00:00,8.6911,49.3819,34000,77,75,33000
5693,2024-03-07 09:54:00+00:00,8.6656,49.4149,2024-03-07 10:00:00+00:00,8.6684,49.4173,17000,46,46,17000
4833,2024-03-07 09:57:00+00:00,8.6952,49.4149,2024-03-07 11:12:00+00:00,8.6952,49.4149,41000,91,91,41000
9491,2024-03-07 10:00:00+00:00,8.6708,49.4012,2024-03-07 10:27:00+00:00,8.6707,49.4012,10000,32,32,10000
11903,2024-03-07 10:00:00+00:00,8.6705,49.4006,2024-03-07 10:06:00+00:00,8.6707,49.4008,40000,89,89,40000
12904,2024-03-07 10:03:00+00:00,8.669,49.4049,2024-03-07 11:12:00+00:00,8.6691,49.4049,36000,81,81,36000
9728,2024-03-07 10:03:00+00:00,8.6679,49.4037,2024-03-07 10:12:00+00:00,8.6678,49.4039,22000,56,56,22000
8860,2024-03-07 10:09:00+00:00,8.7015,49.4094,2024-03-07 10:21:00+00:00,8.6891,49.4221,12000,37,33,10000
12519,2024-03-07 10:09:00+00:00,8.6784,49.3965,2024-03-07 10:27:00+00:00,8.71,49.4113,8000,28,20,3000
8268,2024-03-07 10:12:00+00:00,8.6932,49.4097,2024-03-07 10:27:00+00:00,8.6862,49.3925,41000,91,82,36000
9744,2024-03-07 10:12:00+00:00,8.662,49.4029,2024-03-07 10:18:00+00:00,8.6756,49.406,39000,86,81,36000
3138,2024-03-07 10:15:00+00:00,8.649,49.4226,2024-03-07 10:39:00+00:00,8.6835,49.4277,37000,84,74,32000
11977,2024-03-07 10:15:00+00:00,8.6862,49.4279,2024-03-07 10:21:00+00:00,8.6918,49.4306,6000,26,26,6000
850,2024-03-07 10:21:00+00:00,8.6495,49.4143,2024-03-07 10:27:00+00:00,8.6495,49.4143,32000,73,73,32000
6972,2024-03-07 10:24:00+00:00,8.6791,49.3838,2024-03-07 10:33:00+00:00,8.6925,49.393,25000,60,57,23000
8033,2024-03-07 10:24:00+00:00,8.6713,49.4161,2024-03-07 10:30:00+00:00,8.6713,49.4161,11000,35,35,11000
12840,2024-03-07 10:27:00+00:00,8.6904,49.3871,2024-03-07 10:36:00+00:00,8.6936,49.3778,27000,65,59,24000
2713,2024-03-07 10:30:00+00:00,8.6861,49.4077,2024-03-07 10:36:00+00:00,8.6864,49.4076,10000,33,32,10000
8936,2024-03-07 10:30:00+00:00,8.6409,49.41,2024-03-07 10:45:00+00:00,8.6815,49.4078,6000,25,19,3000
12192,2024-03-07 10:36:00+00:00,8.7023,49.4115,2024-03-07 10:48:00+00:00,8.6856,49.4221,38000,85,80,35000
5831,2024-03-07 10:36:00+00:00,8.7023,49.4114,2024-03-07 10:57:00+00:00,8.68,49.4352,22000,55,41,14000
9754,2024-03-07 10:36:00+00:00,8.6767,49.4191,2024-03-07 10:54:00+00:00,8.6678,49.4205,21000,53,50,19000
7388,2024-03-07 10:36:00+00:00,8.6752,49.391,2024-03-07 10:48:00+00:00,8.6884,49.4055,35000,80,73,32000
11571,2024-03-07 10:36:00+00:00,8.6748,49.4172,2024-03-07 10:42:00+00:00,8.6771,49.4148,12000,36,35,11000
12105,2024-03-07 10:42:00+00:00,8.677,49.4088,2024-03-07 10:54:00+00:00,8.6705,49.422,42000,93,87,39000
11586,2024-03-07 10:42:00+00:00,8.6901,49.4053,2024-03-07 10:57:00+00:00,8.6674,49.4179,36000,81,74,32000
6462,2024-03-07 10:42:00+00:00,8.6797,49.3938,2024-03-07 10:54:00+00:00,8.6868,49.3916,22000,56,48,18000
555,2024-03-07 10:42:00+00:00,8.6881,49.408,2024-03-07 10:48:00+00:00,8.6939,49.4078,33000,75,74,32000
10640,2024-03-07 10:48:00+00:00,8.6764,49.4046,2024-03-07 10:57:00+00:00,8.6899,49.4087,37000,83,79,35000
6241,2024-03-07 10:51:00+00:00,8.7094,49.4134,2024-03-07 11:03:00+00:00,8.7091,49.4114,28000,66,66,28000
2920,2024-03-07 10:57:00+00:00,8.6971,49.408,2024-03-07 11:03:00+00:00,8.7052,49.4125,22000,56,56,22000
1958,2024-03-07 11:00:00+00:00,8.6826,49.4022,2024-03-07 11:09:00+00:00,8.6816,49.4078,43000,94,91,41000
0,2024-03-07 11:00:00+00:00,8.6675,49.4156,2024-03-07 17:06:00+00:00,8.6675,49.4156,21000,54,53,21000
2856,2024-03-07 11:00:00+00:00,8.7102,49.4115,2024-03-07 11:18:00+00:00,8.6761,49.4172,7000,27,18,2000
337,2024-03-07 11:03:00+00:00,8.6776,49.3998,2024-03-07 11:30:00+00:00,8.6733,49.406,10000,33,18,2000
6957,2024-03-07 11:06:00+00:00,8.6785,49.4128,2024-03-07 11:15:00+00:00,8.6764,49.4042,1000,16,16,1000
4193,2024-03-07 11:06:00+00:00,8.6937,49.4088,2024-03-07 11:15:00+00:00,8.6759,49.4064,22000,55,50,19000
9596,2024-03-07 11:12:00+00:00,8.6447,49.4212,2024-03-07 11:30:00+00:00,8.6455,49.4235,29000,68,65,27000
11571,2024-03-07 11:15:00+00:00,8.677,49.4147,2024-03-07 11:24:00+00:00,8.6844,49.426,10000,33,25,6000
9481,2024-03-07 11:15:00+00:00,8.6923,49.4076,2024-03-07 11:21:00+00:00,8.7026,49.4103,32000,73,73,32000
7388,2024-03-07 11:18:00+00:00,8.6886,49.4057,2024-03-07 11:30:00+00:00,8.706,49.4106,31000,72,70,30000
700,2024-03-07 11:18:00+00:00,8.651,49.4214,2024-03-07 11:24:00+00:00,8.647,49.4207,8000,28,27,7000
12105,2024-03-07 11:21:00+00:00,8.6702,49.4221,2024-03-07 11:33:00+00:00,8.6799,49.4081,39000,87,83,37000
10304,2024-03-07 11:21:00+00:00,8.6749,49.3848,2024-03-07 11:42:00+00:00,8.6946,49.4143,27000,65,47,18000
8130,2024-03-07 11:24:00+00:00,8.711,49.4111,2024-03-07 11:30:00+00:00,8.7007,49.4095,44000,97,95,43000
12825,2024-03-07 11:24:00+00:00,8.6711,49.3773,2024-03-07 11:33:00+00:00,8.6838,49.384,13000,39,37,12000
4200,2024-03-07 11:24:00+00:00,8.6823,49.3822,2024-03-07 11:30:00+00:00,8.6871,49.3802,36000,81,78,34000
957,2024-03-07 11:27:00+00:00,8.6755,49.4064,2024-03-07 11:39:00+00:00,8.6925,49.4138,25000,61,55,22000
10083,2024-03-07 11:27:00+00:00,8.6925,49.393,2024-03-07 11:33:00+00:00,8.6872,49.4006,17000,46,45,17000
6111,2024-03-07 11:30:00+00:00,8.6543,49.4061,2024-03-07 11:39:00+00:00,8.6673,49.4035,42000,92,87,39000
5957,2024-03-07 11:30:00+00:00,8.6768,49.4064,2024-03-07 11:36:00+00:00,8.6679,49.4039,24000,59,58,24000
1463,2024-03-07 11:33:00+00:00,8.6772,49.3892,2024-03-07 11:57:00+00:00,8.6813,49.3908,20000,52,47,18000
12840,2024-03-07 11:33:00+00:00,8.6939,49.3776,2024-03-07 11:39:00+00:00,8.6889,49.3807,24000,58,58,24000
3717,2024-03-07 11:36:00+00:00,8.682,49.4034,2024-03-07 11:42:00+00:00,8.685,49.3998,36000,82,80,35000
3650,2024-03-07 11:39:00+00:00,8.68,49.4041,2024-03-07 11:48:00+00:00,8.6827,49.4003,25000,61,61,25000
3509,2024-03-07 11:39:00+00:00,8.6786,49.3966,2024-03-07 11:51:00+00:00,8.6757,49.4025,4000,21,21,4000
12840,2024-03-07 11:42:00+00:00,8.689,49.3809,2024-03-07 11:48:00+00:00,8.6911,49.3796,22000,56,56,22000
3138,2024-03-07 11:42:00+00:00,8.6834,49.4278,2024-03-07 11:54:00+00:00,8.6735,49.4168,32000,74,72,31000
2792,2024-03-07 11:42:00+00:00,8.6792,49.4064,2024-03-07 11:57:00+00:00,8.6505,49.4181,34000,77,70,30000
12259,2024-03-07 11:42:00+00:00,8.6924,49.4071,2024-03-07 11:51:00+00:00,8.7085,49.4103,26000,63,62,26000
2920,2024-03-07 11:42:00+00:00,8.7051,49.4126,2024-03-07 11:48:00+00:00,8.709,49.4134,20000,52,52,20000
5245,2024-03-07 11:45:00+00:00,8.6614,49.4085,2024-03-07 11:54:00+00:00,8.6614,49.4086,28000,66,66,28000
2096,2024-03-07 11:51:00+00:00,8.6921,49.4069,2024-03-07 12:00:00+00:00,8.6925,49.4028,21000,53,53,21000
11876,2024-03-07 11:51:00+00:00,8.6864,49.3973,2024-03-07 11:57:00+00:00,8.6885,49.3899,45000,98,98,45000
6644,2024-03-07 11:51:00+00:00,8.6785,49.3718,2024-03-07 11:57:00+00:00,8.6873,49.3738,40000,88,86,39000
12904,2024-03-07 11:51:00+00:00,8.6691,49.4049,2024-03-07 11:57:00+00:00,8.6693,49.4048,36000,81,81,36000
4165,2024-03-07 11:51:00+00:00,8.6918,49.407,2024-03-07 12:00:00+00:00,8.6924,49.403,12000,37,37,12000
7971,2024-03-07 11:54:00+00:00,8.6937,49.4089,2024-03-07 12:12:00+00:00,8.6662,49.4146,12000,37,28,8000
513,2024-03-07 11:57:00+00:00,8.6577,49.4068,2024-03-07 12:03:00+00:00,8.6575,49.4068,32000,74,74,32000
10170,2024-03-07 11:57:00+00:00,8.6855,49.4053,2024-03-07 12:03:00+00:00,8.6843,49.4068,39000,87,87,39000
12230,2024-03-07 11:57:00+00:00,8.6557,49.4117,2024-03-07 12:06:00+00:00,8.6754,49.4048,31000,72,66,28000
10730,2024-03-07 11:57:00+00:00,8.6706,49.404,2024-03-07 12:39:00+00:00,8.6707,49.404,44000,96,96,44000
8328,2024-03-07 11:57:00+00:00,8.6829,49.4083,2024-03-07 12:09:00+00:00,8.6676,49.4155,33000,76,72,31000
5255,2024-03-07 11:57:00+00:00,8.6544,49.4083,2024-03-07 13:12:00+00:00,8.6544,49.4084,41000,91,91,41000
2855,2024-03-07 12:00:00+00:00,8.6781,49.378,2024-03-07 12:15:00+00:00,8.6831,49.3956,43000,94,89,40000
7243,2024-03-07 12:00:00+00:00,8.6753,49.4049,2024-03-07 13:30:00+00:00,8.6713,49.4066,26000,63,60,25000
8474,2024-03-07 12:03:00+00:00,8.6533,49.406,2024-03-07 12:24:00+00:00,8.6534,49.406,27000,64,64,27000
5462,2024-03-07 12:03:00+00:00,8.6789,49.4203,2024-03-07 12:09:00+00:00,8.676,49.4173,46000,100,99,45000
11342,2024-03-07 12:03:00+00:00,8.6501,49.401,2024-03-07 12:27:00+00:00,8.6501,49.401,5000,23,23,5000
8568,2024-03-07 12:03:00+00:00,8.6605,49.4061,2024-03-07 12:15:00+00:00,8.6604,49.4062,32000,74,74,32000
11503,2024-03-07 12:06:00+00:00,8.6903,49.4172,2024-03-07 12:12:00+00:00,8.6902,49.4153,33000,75,74,32000
2806,2024-03-07 12:09:00+00:00,8.659,49.3785,2024-03-07 12:24:00+00:00,8.6605,49.3805,4000,21,17,2000
989,2024-03-07 12:09:00+00:00,8.7104,49.4086,2024-03-07 12:15:00+00:00,8.7029,49.4094,24000,59,59,24000
8917,2024-03-07 12:09:00+00:00,8.6882,49.4233,2024-03-07 12:24:00+00:00,8.7077,49.4132,31000,72,66,28000
11832,2024-03-07 12:12:00+00:00,8.6877,49.3878,2024-03-07 12:18:00+00:00,8.6838,49.381,46000,100,98,45000
957,2024-03-07 12:15:00+00:00,8.6925,49.414,2024-03-07 12:33:00+00:00,8.6757,49.4065,22000,55,50,19000
2250,2024-03-07 12:15:00+00:00,8.6769,49.3892,2024-03-07 12:39:00+00:00,8.6769,49.3892,42000,93,93,42000
1686,2024-03-07 12:15:00+00:00,8.6479,49.4292,2024-03-07 12:24:00+00:00,8.6404,49.4267,21000,53,53,21000
3298,2024-03-07 12:18:00+00:00,8.6758,49.4219,2024-03-07 12:27:00+00:00,8.6677,49.4157,9000,31,27,7000
1899,2024-03-07 12:18:00+00:00,8.6914,49.4077,2024-03-07 12:24:00+00:00,8.6929,49.409,41000,91,91,41000
10367,2024-03-07 12:21:00+00:00,8.6928,49.4074,2024-03-07 12:27:00+00:00,8.6967,49.4077,37000,84,84,37000
10083,2024-03-07 12:21:00+00:00,8.6869,49.4006,2024-03-07 12:33:00+00:00,8.6926,49.393,16000,44,41,14000
12138,2024-03-07 12:27:00+00:00,8.6747,49.3941,2024-03-07 12:36:00+00:00,8.6757,49.4024,42000,92,91,41000
10424,2024-03-07 12:30:00+00:00,8.6939,49.4139,2024-03-07 12:39:00+00:00,8.6889,49.4077,41000,90,89,40000
5052,2024-03-07 12:30:00+00:00,8.6781,49.3824,2024-03-07 12:39:00+00:00,8.6849,49.395,23000,57,53,21000
8568,2024-03-07 12:30:00+00:00,8.6604,49.4062,2024-03-07 12:36:00+00:00,8.6739,49.4078,32000,74,71,31000
9533,2024-03-07 12:30:00+00:00,8.6893,49.4159,2024-03-07 12:48:00+00:00,8.661,49.4062,34000,78,71,31000
1920,2024-03-07 12:33:00+00:00,8.6661,49.4024,2024-03-07 12:48:00+00:00,8.6943,49.4077,35000,80,72,31000
9280,2024-03-07 12:36:00+00:00,8.6731,49.394,2024-03-07 12:42:00+00:00,8.6714,49.3994,13000,39,36,12000
8734,2024-03-07 12:36:00+00:00,8.6745,49.385,2024-03-07 12:48:00+00:00,8.6745,49.385,17000,46,46,17000
11005,2024-03-07 12:39:00+00:00,8.6938,49.4081,2024-03-07 12:45:00+00:00,8.688,49.4077,25000,60,60,25000
8546,2024-03-07 12:39:00+00:00,8.6822,49.405,2024-03-07 12:54:00+00:00,8.6902,49.383,32000,74,66,28000
6609,2024-03-07 12:39:00+00:00,8.6493,49.4157,2024-03-07 12:48:00+00:00,8.6375,49.4143,28000,67,65,27000
4778,2024-03-07 12:42:00+00:00,8.6784,49.4126,2024-03-07 12:48:00+00:00,8.6923,49.4147,41000,91,88,40000
8130,2024-03-07 12:42:00+00:00,8.7004,49.4094,2024-03-07 12:51:00+00:00,8.6942,49.409,43000,94,93,42000
1319,2024-03-07 12:45:00+00:00,8.6712,49.4133,2024-03-07 12:51:00+00:00,8.6665,49.4153,16000,44,43,16000
12165,2024-03-07 12:48:00+00:00,8.6908,49.4018,2024-03-07 13:00:00+00:00,8.6823,49.3863,39000,87,82,36000
4416,2024-03-07 12:48:00+00:00,8.6821,49.4344,2024-03-07 13:15:00+00:00,8.6455,49.3962,32000,73,47,18000
12840,2024-03-07 12:51:00+00:00,8.6938,49.3776,2024-03-07 13:09:00+00:00,8.6938,49.3778,20000,52,46,17000
11448,2024-03-07 12:51:00+00:00,8.6718,49.3785,2024-03-07 13:09:00+00:00,8.6489,49.3972,29000,69,61,25000
11681,2024-03-07 12:51:00+00:00,8.6891,49.3968,2024-03-07 13:00:00+00:00,8.6793,49.3874,41000,91,89,40000
2486,2024-03-07 12:51:00+00:00,8.6736,49.4198,2024-03-07 13:00:00+00:00,8.6849,49.423,33000,75,74,32000
5517,2024-03-07 12:51:00+00:00,8.6731,49.4054,2024-03-07 12:57:00+00:00,8.6728,49.4084,13000,38,38,13000
513,2024-03-07 12:54:00+00:00,8.6578,49.4068,2024-03-07 13:15:00+00:00,8.6579,49.407,32000,74,74,32000
12689,2024-03-07 12:54:00+00:00,8.6762,49.416,2024-03-07 13:12:00+00:00,8.6762,49.416,13000,38,38,13000
3337,2024-03-07 12:54:00+00:00,8.6727,49.3988,2024-03-07 13:00:00+00:00,8.6673,49.4034,10000,33,32,10000
5462,2024-03-07 12:54:00+00:00,8.6761,49.4172,2024-03-07 13:00:00+00:00,8.6762,49.42,45000,99,98,45000
936,2024-03-07 12:57:00+00:00,8.6622,49.4032,2024-03-07 13:27:00+00:00,8.662,49.4032,42000,92,92,42000
6783,2024-03-07 12:57:00+00:00,8.6749,49.3974,2024-03-07 13:09:00+00:00,8.6577,49.4072,40000,89,84,37000
8881,2024-03-07 12:57:00+00:00,8.6689,49.4047,2024-03-07 13:57:00+00:00,8.6692,49.4047,40000,88,90,41000
2352,2024-03-07 13:00:00+00:00,8.6766,49.4201,2024-03-07 13:09:00+00:00,8.6877,49.4297,43000,94,92,42000
12230,2024-03-07 13:00:00+00:00,8.6755,49.4047,2024-03-07 13:15:00+00:00,8.7051,49.4096,27000,65,59,24000
2592,2024-03-07 13:00:00+00:00,8.6856,49.3974,2024-03-07 13:18:00+00:00,8.6858,49.4289,34000,77,66,28000
11005,2024-03-07 13:03:00+00:00,8.688,49.4077,2024-03-07 13:09:00+00:00,8.6945,49.4077,24000,58,57,23000
8088,2024-03-07 13:03:00+00:00,8.7054,49.4103,2024-03-07 13:09:00+00:00,8.7054,49.4103,26000,63,63,26000
9397,2024-03-07 13:03:00+00:00,8.674,49.3943,2024-03-07 13:48:00+00:00,8.6741,49.3942,13000,38,32,10000
7388,2024-03-07 13:06:00+00:00,8.706,49.411,2024-03-07 13:15:00+00:00,8.7104,49.4088,28000,67,65,27000
1061,2024-03-07 13:09:00+00:00,8.6831,49.3904,2024-03-07 13:15:00+00:00,8.6903,49.3898,46000,100,99,45000
371,2024-03-07 13:12:00+00:00,8.6716,49.3989,2024-03-07 13:18:00+00:00,8.6736,49.394,33000,75,74,32000
2792,2024-03-07 13:12:00+00:00,8.6506,49.4182,2024-03-07 13:33:00+00:00,8.7105,49.4134,29000,69,55,22000
5167,2024-03-07 13:12:00+00:00,8.6744,49.4018,2024-03-07 13:21:00+00:00,8.6815,49.3909,41000,90,88,40000
11832,2024-03-07 13:12:00+00:00,8.6838,49.3809,2024-03-07 13:18:00+00:00,8.6758,49.3786,44000,96,95,43000
1472,2024-03-07 13:15:00+00:00,8.6392,49.3974,2024-03-07 13:21:00+00:00,8.6432,49.3956,26000,63,61,25000
3337,2024-03-07 13:18:00+00:00,8.6673,49.4035,2024-03-07 13:27:00+00:00,8.6735,49.3976,9000,31,30,9000
989,2024-03-07 13:21:00+00:00,8.7024,49.4095,2024-03-07 13:27:00+00:00,8.7018,49.4095,25000,60,60,25000
11428,2024-03-07 13:21:00+00:00,8.6819,49.4033,2024-03-07 13:48:00+00:00,8.6681,49.4045,35000,79,74,32000
10122,2024-03-07 13:21:00+00:00,8.6601,49.4069,2024-03-07 13:27:00+00:00,8.6601,49.4068,19000,49,49,19000
1472,2024-03-07 13:24:00+00:00,8.6432,49.3956,2024-03-07 13:30:00+00:00,8.6392,49.3974,25000,61,61,25000
8238,2024-03-07 13:27:00+00:00,8.6896,49.3983,2024-03-07 13:39:00+00:00,8.7118,49.4116,45000,99,93,42000
2792,2024-03-07 13:33:00+00:00,8.7105,49.4134,2024-03-07 13:48:00+00:00,8.6559,49.4133,22000,55,45,17000
8725,2024-03-07 13:36:00+00:00,8.6798,49.3828,2024-03-07 13:57:00+00:00,8.6508,49.3963,26000,62,52,20000
8328,2024-03-07 13:36:00+00:00,8.6677,49.4157,2024-03-07 13:48:00+00:00,8.6858,49.4092,31000,72,67,28000
807,2024-03-07 13:36:00+00:00,8.6812,49.4191,2024-03-07 13:45:00+00:00,8.6806,49.4367,9000,31,28,8000
10424,2024-03-07 13:39:00+00:00,8.6885,49.4076,2024-03-07 13:45:00+00:00,8.6882,49.4074,39000,86,84,37000
8033,2024-03-07 13:39:00+00:00,8.6714,49.4162,2024-03-07 14:42:00+00:00,8.6711,49.4162,11000,35,34,11000
8474,2024-03-07 13:42:00+00:00,8.6532,49.406,2024-03-07 14:09:00+00:00,8.6534,49.406,26000,63,63,26000
1061,2024-03-07 13:42:00+00:00,8.6904,49.3899,2024-03-07 13:54:00+00:00,8.6977,49.4101,45000,98,93,42000
5255,2024-03-07 13:45:00+00:00,8.6544,49.4084,2024-03-07 13:51:00+00:00,8.6543,49.4084,41000,91,91,41000
3280,2024-03-07 13:45:00+00:00,8.6761,49.3806,2024-03-07 13:54:00+00:00,8.6675,49.381,13000,39,37,12000
12230,2024-03-07 13:45:00+00:00,8.7053,49.4096,2024-03-07 13:54:00+00:00,8.6891,49.4077,22000,56,53,21000
4463,2024-03-07 13:48:00+00:00,8.6609,49.4066,2024-03-07 14:15:00+00:00,8.6609,49.4066,32000,74,74,32000
8699,2024-03-07 13:51:00+00:00,8.6772,49.3997,2024-03-07 13:57:00+00:00,8.678,49.3998,6000,25,25,6000
7455,2024-03-07 13:51:00+00:00,8.6757,49.4219,2024-03-07 14:15:00+00:00,8.6447,49.3948,35000,79,69,29000
4753,2024-03-07 13:51:00+00:00,8.6714,49.4125,2024-03-07 14:03:00+00:00,8.6753,49.4049,39000,86,77,34000
3670,2024-03-07 13:54:00+00:00,8.6728,49.3946,2024-03-07 14:03:00+00:00,8.6693,49.4017,35000,79,78,34000
8860,2024-03-07 13:54:00+00:00,8.6887,49.4225,2024-03-07 14:00:00+00:00,8.6912,49.4193,10000,32,32,10000
5462,2024-03-07 13:54:00+00:00,8.6761,49.4201,2024-03-07 14:00:00+00:00,8.6777,49.4231,45000,98,97,44000
11448,2024-03-07 13:57:00+00:00,8.6487,49.3972,2024-03-07 14:03:00+00:00,8.6429,49.3964,24000,58,58,24000
10587,2024-03-07 14:00:00+00:00,8.6727,49.4086,2024-03-07 14:06:00+00:00,8.6682,49.4036,42000,93,91,41000
9027,2024-03-07 14:00:00+00:00,8.6295,49.4014,2024-03-07 14:36:00+00:00,8.6688,49.4009,2000,17,100,46000
12230,2024-03-07 14:00:00+00:00,8.6891,49.4077,2024-03-07 14:06:00+00:00,8.6849,49.4028,20000,52,52,20000
8130,2024-03-07 14:03:00+00:00,8.6941,49.4094,2024-03-07 14:15:00+00:00,8.6778,49.4167,42000,92,89,40000
989,2024-03-07 14:03:00+00:00,8.7017,49.4093,2024-03-07 14:18:00+00:00,8.6684,49.4044,25000,60,52,20000
5066,2024-03-07 14:03:00+00:00,8.6892,49.3983,2024-03-07 14:15:00+00:00,8.6932,49.4092,5000,24,22,4000
2232,2024-03-07 14:03:00+00:00,8.6626,49.4089,2024-03-07 14:09:00+00:00,8.6626,49.409,24000,58,58,24000
6129,2024-03-07 14:06:00+00:00,8.6614,49.4175,2024-03-07 14:12:00+00:00,8.6571,49.4246,13000,38,37,12000
12165,2024-03-07 14:06:00+00:00,8.6822,49.3863,2024-03-07 14:21:00+00:00,8.6937,49.4088,35000,80,73,32000
6609,2024-03-07 14:06:00+00:00,8.6373,49.4143,2024-03-07 14:12:00+00:00,8.6466,49.4111,26000,63,62,26000
4959,2024-03-07 14:09:00+00:00,8.6774,49.3772,2024-03-07 14:15:00+00:00,8.6765,49.3725,34000,78,77,34000
9280,2024-03-07 14:09:00+00:00,8.6711,49.3993,2024-03-07 14:18:00+00:00,8.6821,49.3842,12000,36,32,10000
11402,2024-03-07 14:12:00+00:00,8.686,49.4055,2024-03-07 14:24:00+00:00,8.6923,49.4078,26000,63,61,25000
6534,2024-03-07 14:12:00+00:00,8.64,49.4018,2024-03-07 14:36:00+00:00,8.669,49.401,4000,21,21,4000
10271,2024-03-07 14:12:00+00:00,8.639,49.4244,2024-03-07 14:33:00+00:00,8.6742,49.4078,24000,59,46,17000
10367,2024-03-07 14:15:00+00:00,8.697,49.4081,2024-03-07 14:30:00+00:00,8.6927,49.3854,37000,83,74,32000
10122,2024-03-07 14:15:00+00:00,8.6601,49.4068,2024-03-07 15:18:00+00:00,8.6603,49.4071,19000,49,49,19000
10850,2024-03-07 14:15:00+00:00,8.6395,49.4016,2024-03-07 14:36:00+00:00,8.6689,49.4009,33000,75,75,33000
11296,2024-03-07 14:15:00+00:00,8.6391,49.4015,2024-03-07 14:33:00+00:00,8.669,49.401,36000,81,80,35000
7738,2024-03-07 14:15:00+00:00,8.6823,49.3822,2024-03-07 14:36:00+00:00,8.6413,49.3977,39000,86,77,34000
1665,2024-03-07 14:15:00+00:00,8.6828,49.3739,2024-03-07 14:21:00+00:00,8.6822,49.3833,22000,56,54,21000
12454,2024-03-07 14:18:00+00:00,8.6676,49.4042,2024-03-07 15:18:00+00:00,8.6676,49.4044,15000,42,42,15000
12840,2024-03-07 14:21:00+00:00,8.6938,49.3776,2024-03-07 14:27:00+00:00,8.6881,49.3803,15000,42,42,15000
555,2024-03-07 14:27:00+00:00,8.6943,49.4079,2024-03-07 14:36:00+00:00,8.7053,49.4123,32000,73,70,30000
12486,2024-03-07 14:27:00+00:00,8.6902,49.3923,2024-03-07 14:39:00+00:00,8.6937,49.3777,18000,48,40,14000
9280,2024-03-07 14:27:00+00:00,8.6821,49.3842,2024-03-07 14:36:00+00:00,8.6718,49.3991,9000,31,29,8000
10903,2024-03-07 14:27:00+00:00,8.6677,49.419,2024-03-07 14:33:00+00:00,8.6678,49.419,31000,72,72,31000
12827,2024-03-07 14:30:00+00:00,8.6702,49.3919,2024-03-07 14:39:00+00:00,8.6753,49.3804,40000,89,87,39000
11016,2024-03-07 14:33:00+00:00,8.6756,49.4202,2024-03-07 14:39:00+00:00,8.676,49.419,36000,82,82,36000
11503,2024-03-07 14:33:00+00:00,8.6903,49.415,2024-03-07 14:51:00+00:00,8.6587,49.4224,32000,74,68,29000
1090,2024-03-07 14:33:00+00:00,8.6631,49.3748,2024-03-07 14:51:00+00:00,8.6799,49.3994,14000,40,27,7000
5457,2024-03-07 14:36:00+00:00,8.6794,49.4132,2024-03-07 14:42:00+00:00,8.6807,49.413,11000,35,35,11000
6111,2024-03-07 14:36:00+00:00,8.6673,49.4036,2024-03-07 14:45:00+00:00,8.6432,49.3978,39000,87,83,37000
11589,2024-03-07 14:36:00+00:00,8.6758,49.4026,2024-03-07 14:42:00+00:00,8.6758,49.4025,30000,70,70,30000
5345,2024-03-07 14:39:00+00:00,8.6688,49.4008,2024-03-07 14:48:00+00:00,8.6891,49.3982,8000,28,27,7000
10366,2024-03-07 14:39:00+00:00,8.6861,49.3824,2024-03-07 15:06:00+00:00,8.678,49.4078,43000,94,85,38000
1430,2024-03-07 14:39:00+00:00,8.6863,49.3897,2024-03-07 14:51:00+00:00,8.6589,49.3826,11000,35,30,9000
8988,2024-03-07 14:42:00+00:00,8.6597,49.4092,2024-03-07 14:51:00+00:00,8.6481,49.4076,39000,87,86,39000
6241,2024-03-07 14:42:00+00:00,8.709,49.4113,2024-03-07 14:48:00+00:00,8.7003,49.4099,27000,64,62,26000
6644,2024-03-07 14:45:00+00:00,8.6875,49.3738,2024-03-07 14:51:00+00:00,8.68,49.3739,40000,88,86,39000
957,2024-03-07 14:45:00+00:00,8.6757,49.4063,2024-03-07 14:51:00+00:00,8.6758,49.4047,18000,48,47,18000
5066,2024-03-07 14:45:00+00:00,8.6932,49.4093,2024-03-07 14:51:00+00:00,8.7074,49.4098,3000,20,19,3000
4541,2024-03-07 14:48:00+00:00,8.6941,49.4058,2024-03-07 15:00:00+00:00,8.6797,49.3966,32000,73,67,28000
11705,2024-03-07 14:48:00+00:00,8.6811,49.4351,2024-03-07 15:18:00+00:00,8.658,49.407,12000,37,23,5000
2920,2024-03-07 14:48:00+00:00,8.709,49.4134,2024-03-07 15:00:00+00:00,8.6934,49.4107,20000,51,50,19000
10083,2024-03-07 14:51:00+00:00,8.6926,49.393,2024-03-07 15:03:00+00:00,8.6755,49.3992,13000,39,37,12000
6644,2024-03-07 14:51:00+00:00,8.68,49.3739,2024-03-07 14:57:00+00:00,8.6774,49.378,39000,86,85,38000
10698,2024-03-07 14:51:00+00:00,8.6684,49.4075,2024-03-07 15:27:00+00:00,8.6684,49.4076,19000,50,50,19000
5899,2024-03-07 14:51:00+00:00,8.6812,49.4346,2024-03-07 15:18:00+00:00,8.658,49.4071,16000,44,34,11000
829,2024-03-07 14:51:00+00:00,8.6726,49.4062,2024-03-07 14:57:00+00:00,8.6865,49.4064,16000,44,44,16000
6241,2024-03-07 14:54:00+00:00,8.7003,49.4099,2024-03-07 15:03:00+00:00,8.7093,49.4111,25000,61,61,25000
5335,2024-03-07 14:54:00+00:00,8.6882,49.397,2024-03-07 15:09:00+00:00,8.6714,49.4148,21000,54,44,16000
924,2024-03-07 14:54:00+00:00,8.6405,49.3931,2024-03-07 15:03:00+00:00,8.6447,49.402,27000,65,62,26000
5183,2024-03-07 14:57:00+00:00,8.7084,49.4128,2024-03-07 15:06:00+00:00,8.6947,49.4114,37000,83,81,36000
9704,2024-03-07 14:57:00+00:00,8.6681,49.4038,2024-03-07 15:06:00+00:00,8.6698,49.407,33000,75,74,32000
3193,2024-03-07 14:57:00+00:00,8.6689,49.3808,2024-03-07 15:06:00+00:00,8.6855,49.3787,19000,49,43,16000
9280,2024-03-07 15:00:00+00:00,8.6718,49.3992,2024-03-07 15:15:00+00:00,8.6397,49.393,6000,25,18,2000
2096,2024-03-07 15:00:00+00:00,8.6924,49.4027,2024-03-07 15:09:00+00:00,8.6926,49.408,19000,50,49,19000
2866,2024-03-07 15:00:00+00:00,8.6891,49.3984,2024-03-07 15:12:00+00:00,8.6821,49.3976,11000,35,28,8000
4165,2024-03-07 15:00:00+00:00,8.6924,49.4029,2024-03-07 15:09:00+00:00,8.6925,49.408,11000,34,33,10000
6534,2024-03-07 15:00:00+00:00,8.6688,49.4008,2024-03-07 15:06:00+00:00,8.6688,49.4009,4000,21,21,4000
10425,2024-03-07 15:06:00+00:00,8.7059,49.4109,2024-03-07 15:15:00+00:00,8.6938,49.405,10000,33,30,9000
7971,2024-03-07 15:06:00+00:00,8.6661,49.4145,2024-03-07 15:21:00+00:00,8.6854,49.4062,8000,28,20,3000
7383,2024-03-07 15:06:00+00:00,8.6893,49.3906,2024-03-07 15:24:00+00:00,8.6859,49.3756,34000,77,72,31000
6398,2024-03-07 15:06:00+00:00,8.6892,49.3905,2024-03-07 15:24:00+00:00,8.6859,49.3756,34000,78,71,31000
4541,2024-03-07 15:09:00+00:00,8.6797,49.3966,2024-03-07 15:18:00+00:00,8.6649,49.4018,28000,67,62,26000
7047,2024-03-07 15:09:00+00:00,8.6782,49.4338,2024-03-07 15:24:00+00:00,8.6761,49.4192,31000,71,68,29000
7076,2024-03-07 15:09:00+00:00,8.7086,49.4134,2024-03-07 15:39:00+00:00,8.6859,49.3756,19000,49,38,13000
9596,2024-03-07 15:12:00+00:00,8.6422,49.425,2024-03-07 15:18:00+00:00,8.6389,49.4296,26000,62,62,26000
12192,2024-03-07 15:12:00+00:00,8.6854,49.4222,2024-03-07 15:18:00+00:00,8.6865,49.4277,34000,77,76,33000
7298,2024-03-07 15:12:00+00:00,8.6778,49.417,2024-03-07 15:21:00+00:00,8.6833,49.4271,21000,53,50,19000
1463,2024-03-07 15:18:00+00:00,8.6814,49.3908,2024-03-07 15:27:00+00:00,8.6757,49.4024,17000,45,40,14000
9280,2024-03-07 15:18:00+00:00,8.6397,49.393,2024-03-07 17:21:00+00:00,8.6393,49.3929,2000,18,16,1000
1061,2024-03-07 15:18:00+00:00,8.6975,49.4104,2024-03-07 15:24:00+00:00,8.6949,49.4106,41000,91,91,41000
8725,2024-03-07 15:21:00+00:00,8.6507,49.3962,2024-03-07 15:42:00+00:00,8.6904,49.4027,19000,49,40,14000
2172,2024-03-07 15:21:00+00:00,8.6851,49.4068,2024-03-07 15:30:00+00:00,8.6778,49.4041,20000,52,52,20000
11448,2024-03-07 15:21:00+00:00,8.6429,49.3964,2024-03-07 21:27:00+00:00,8.6429,49.3964,23000,57,56,22000
6153,2024-03-07 15:24:00+00:00,8.6878,49.3802,2024-03-07 15:39:00+00:00,8.6938,49.4087,34000,77,69,29000
1899,2024-03-07 15:24:00+00:00,8.693,49.4091,2024-03-07 15:33:00+00:00,8.6763,49.4041,41000,90,86,39000
10760,2024-03-07 15:24:00+00:00,8.6679,49.4041,2024-03-07 15:30:00+00:00,8.6679,49.4042,33000,75,75,33000
12776,2024-03-07 15:27:00+00:00,8.6928,49.4057,2024-03-07 15:36:00+00:00,8.6943,49.4137,34000,78,75,33000
11586,2024-03-07 15:27:00+00:00,8.6672,49.4181,2024-03-07 15:36:00+00:00,8.6753,49.4194,31000,71,69,29000
4085,2024-03-07 15:27:00+00:00,8.6662,49.4023,2024-03-07 15:33:00+00:00,8.67,49.4004,36000,81,81,36000
10425,2024-03-07 15:27:00+00:00,8.6937,49.405,2024-03-07 15:42:00+00:00,8.676,49.38,8000,28,20,3000
7298,2024-03-07 15:27:00+00:00,8.6833,49.4271,2024-03-07 15:36:00+00:00,8.6757,49.4224,18000,48,47,18000
9878,2024-03-07 15:30:00+00:00,8.6614,49.4175,2024-03-07 15:39:00+00:00,8.6649,49.4094,40000,88,85,38000
3650,2024-03-07 15:30:00+00:00,8.6824,49.4,2024-03-07 15:36:00+00:00,8.6868,49.4054,23000,57,57,23000
5526,2024-03-07 15:33:00+00:00,8.6742,49.4168,2024-03-07 15:48:00+00:00,8.6751,49.4018,23000,57,51,20000
5725,2024-03-07 15:33:00+00:00,8.6893,49.3984,2024-03-07 15:42:00+00:00,8.6764,49.4041,8000,28,24,5000
4617,2024-03-07 15:33:00+00:00,8.6492,49.3977,2024-03-07 15:39:00+00:00,8.6507,49.3963,24000,58,57,23000
9654,2024-03-07 15:33:00+00:00,8.6903,49.3794,2024-03-07 15:39:00+00:00,8.6859,49.3779,17000,46,46,17000
11476,2024-03-07 15:33:00+00:00,8.6656,49.3772,2024-03-07 15:45:00+00:00,8.6863,49.3727,46000,100,95,43000
8568,2024-03-07 15:33:00+00:00,8.6744,49.4081,2024-03-07 15:45:00+00:00,8.6744,49.408,30000,70,70,30000
6032,2024-03-07 15:33:00+00:00,8.6892,49.3986,2024-03-07 15:42:00+00:00,8.687,49.3837,16000,43,40,14000
777,2024-03-07 15:36:00+00:00,8.6668,49.4019,2024-03-07 15:48:00+00:00,8.6656,49.4017,39000,87,87,39000
10271,2024-03-07 15:36:00+00:00,8.6743,49.4079,2024-03-07 15:51:00+00:00,8.6876,49.3867,15000,42,35,11000
11986,2024-03-07 15:36:00+00:00,8.6829,49.3906,2024-03-07 16:15:00+00:00,8.6377,49.4141,9000,31,17,2000
8546,2024-03-07 15:36:00+00:00,8.6905,49.3828,2024-03-07 15:45:00+00:00,8.6702,49.3791,28000,67,64,27000
12776,2024-03-07 15:36:00+00:00,8.6943,49.4137,2024-03-07 21:42:00+00:00,8.6945,49.4137,33000,75,74,32000
2866,2024-03-07 15:39:00+00:00,8.6822,49.3977,2024-03-07 15:45:00+00:00,8.6818,49.3934,7000,27,27,7000
1622,2024-03-07 15:39:00+00:00,8.6806,49.3992,2024-03-07 15:51:00+00:00,8.6765,49.4042,28000,67,64,27000
371,2024-03-07 15:39:00+00:00,8.6734,49.394,2024-03-07 15:45:00+00:00,8.6734,49.394,31000,72,72,31000
4085,2024-03-07 15:42:00+00:00,8.67,49.4004,2024-03-07 15:48:00+00:00,8.6619,49.4042,35000,79,79,35000
6241,2024-03-07 15:42:00+00:00,8.7097,49.4116,2024-03-07 15:54:00+00:00,8.691,49.4059,24000,59,54,21000
2928,2024-03-07 15:42:00+00:00,8.6733,49.4021,2024-03-07 15:57:00+00:00,8.6394,49.4014,38000,85,78,34000
11586,2024-03-07 15:42:00+00:00,8.6754,49.4194,2024-03-07 15:51:00+00:00,8.6674,49.4181,29000,68,66,28000
10587,2024-03-07 15:45:00+00:00,8.6682,49.4035,2024-03-07 16:00:00+00:00,8.6406,49.402,41000,90,86,39000
5957,2024-03-07 15:45:00+00:00,8.6672,49.4037,2024-03-07 16:00:00+00:00,8.6405,49.402,22000,55,52,20000
6153,2024-03-07 15:45:00+00:00,8.6938,49.4087,2024-03-07 15:51:00+00:00,8.694,49.4137,29000,69,68,29000
8725,2024-03-07 15:45:00+00:00,8.6904,49.4027,2024-03-07 15:54:00+00:00,8.6847,49.4014,13000,39,36,12000
5725,2024-03-07 15:48:00+00:00,8.6764,49.4041,2024-03-07 15:57:00+00:00,8.6853,49.4019,5000,24,21,4000
3691,2024-03-07 15:48:00+00:00,8.7135,49.4092,2024-03-07 15:54:00+00:00,8.7133,49.4092,27000,65,65,27000
4881,2024-03-07 15:48:00+00:00,8.7133,49.4092,2024-03-07 16:03:00+00:00,8.7118,49.4116,36000,81,81,36000
11200,2024-03-07 15:51:00+00:00,8.6869,49.3813,2024-03-07 16:00:00+00:00,8.6795,49.3734,32000,74,72,31000
3138,2024-03-07 15:51:00+00:00,8.6734,49.4166,2024-03-07 15:57:00+00:00,8.6748,49.4188,30000,70,70,30000
1108,2024-03-07 15:51:00+00:00,8.7135,49.4093,2024-03-07 16:03:00+00:00,8.7119,49.4117,23000,57,57,23000
3193,2024-03-07 15:51:00+00:00,8.6854,49.3789,2024-03-07 15:57:00+00:00,8.6877,49.3804,14000,41,40,14000
854,2024-03-07 15:51:00+00:00,8.6743,49.4018,2024-03-07 15:57:00+00:00,8.6649,49.404,32000,73,73,32000
11625,2024-03-07 15:51:00+00:00,8.6745,49.4018,2024-03-07 16:06:00+00:00,8.6394,49.4014,36000,82,76,33000
10271,2024-03-07 15:54:00+00:00,8.6875,49.3866,2024-03-07 16:12:00+00:00,8.7052,49.4096,11000,34,28,8000
3650,2024-03-07 15:54:00+00:00,8.687,49.4054,2024-03-07 16:00:00+00:00,8.6828,49.4002,21000,54,54,21000
4753,2024-03-07 15:54:00+00:00,8.6754,49.4048,2024-03-07 16:00:00+00:00,8.6703,49.407,34000,77,77,34000
936,2024-03-07 15:54:00+00:00,8.6622,49.4032,2024-03-07 16:06:00+00:00,8.6874,49.3989,42000,92,87,39000
10367,2024-03-07 15:57:00+00:00,8.6927,49.3854,2024-03-07 16:09:00+00:00,8.6925,49.4068,32000,73,67,28000
700,2024-03-07 15:57:00+00:00,8.6467,49.4207,2024-03-07 16:15:00+00:00,8.6397,49.3945,6000,26,17,2000
7442,2024-03-07 15:57:00+00:00,8.6806,49.3827,2024-03-07 16:12:00+00:00,8.6877,49.3804,39000,86,84,37000
12486,2024-03-07 15:57:00+00:00,8.6939,49.3775,2024-03-07 16:15:00+00:00,8.6765,49.3734,13000,38,30,9000
12078,2024-03-07 16:00:00+00:00,8.66,49.411,2024-03-07 16:06:00+00:00,8.6527,49.4162,6000,26,26,6000
7261,2024-03-07 16:03:00+00:00,8.6924,49.4044,2024-03-07 16:30:00+00:00,8.6405,49.4132,39000,86,80,35000
11016,2024-03-07 16:03:00+00:00,8.676,49.419,2024-03-07 18:18:00+00:00,8.676,49.419,36000,81,80,35000
10190,2024-03-07 16:06:00+00:00,8.6691,49.3842,2024-03-07 16:18:00+00:00,8.6809,49.4024,23000,57,52,20000
10303,2024-03-07 16:09:00+00:00,8.6387,49.4365,2024-03-07 16:15:00+00:00,8.6429,49.4285,22000,55,52,20000
7221,2024-03-07 16:09:00+00:00,8.675,49.4177,2024-03-07 16:15:00+00:00,8.6675,49.4181,29000,68,66,28000
3712,2024-03-07 16:09:00+00:00,8.7021,49.4114,2024-03-07 16:21:00+00:00,8.6931,49.4087,40000,89,88,40000
8268,2024-03-07 16:12:00+00:00,8.6861,49.3924,2024-03-07 16:21:00+00:00,8.686,49.4004,35000,80,72,31000
7100,2024-03-07 16:12:00+00:00,8.6747,49.4066,2024-03-07 16:30:00+00:00,8.6844,49.425,7000,27,20,3000
7221,2024-03-07 16:15:00+00:00,8.6675,49.4181,2024-03-07 16:24:00+00:00,8.6752,49.418,28000,66,64,27000
4970,2024-03-07 16:15:00+00:00,8.7089,49.4114,2024-03-07 16:21:00+00:00,8.7021,49.4094,6000,26,26,6000
5119,2024-03-07 16:15:00+00:00,8.6484,49.4185,2024-03-07 16:24:00+00:00,8.6484,49.4185,21000,54,54,21000
7298,2024-03-07 16:18:00+00:00,8.6758,49.4224,2024-03-07 16:36:00+00:00,8.639,49.4137,17000,46,36,12000
6153,2024-03-07 16:18:00+00:00,8.6941,49.4138,2024-03-07 16:39:00+00:00,8.693,49.4062,28000,67,63,26000
7722,2024-03-07 16:18:00+00:00,8.6413,49.4018,2024-03-07 16:24:00+00:00,8.6444,49.3961,46000,100,100,46000
5462,2024-03-07 16:21:00+00:00,8.6774,49.4228,2024-03-07 16:27:00+00:00,8.6783,49.4227,44000,96,96,44000
4200,2024-03-07 16:21:00+00:00,8.6872,49.3805,2024-03-07 16:27:00+00:00,8.683,49.3822,33000,76,76,33000
8931,2024-03-07 16:21:00+00:00,8.6836,49.3804,2024-03-07 16:27:00+00:00,8.6772,49.3784,7000,27,26,6000
4392,2024-03-07 16:21:00+00:00,8.6788,49.3998,2024-03-07 16:27:00+00:00,8.6817,49.3935,38000,85,83,37000
1475,2024-03-07 16:24:00+00:00,8.647,49.3974,2024-03-07 16:30:00+00:00,8.6471,49.4032,4000,22,22,4000
5119,2024-03-07 16:24:00+00:00,8.6484,49.4185,2024-03-07 16:48:00+00:00,8.6646,49.3813,21000,54,33,10000
5693,2024-03-07 16:24:00+00:00,8.6686,49.4174,2024-03-07 16:36:00+00:00,8.6711,49.4198,16000,44,42,15000
989,2024-03-07 16:24:00+00:00,8.6677,49.404,2024-03-07 16:33:00+00:00,8.6843,49.4074,20000,52,48,18000
11586,2024-03-07 16:27:00+00:00,8.6673,49.4181,2024-03-07 16:45:00+00:00,8.6892,49.4138,27000,65,60,25000
2713,2024-03-07 16:27:00+00:00,8.6864,49.4078,2024-03-07 16:39:00+00:00,8.6659,49.4031,10000,32,28,8000
7427,2024-03-07 16:27:00+00:00,8.6755,49.4208,2024-03-07 16:36:00+00:00,8.6856,49.4142,15000,42,37,12000
10271,2024-03-07 16:33:00+00:00,8.7053,49.4093,2024-03-07 16:48:00+00:00,8.6917,49.387,6000,26,20,3000
1319,2024-03-07 16:33:00+00:00,8.6664,49.4155,2024-03-07 16:45:00+00:00,8.6739,49.4089,16000,43,38,13000
12111,2024-03-07 16:33:00+00:00,8.7107,49.411,2024-03-07 16:42:00+00:00,8.6962,49.4077,33000,75,74,32000
4881,2024-03-07 16:33:00+00:00,8.7116,49.4117,2024-03-07 16:57:00+00:00,8.6888,49.4131,36000,81,76,33000
5245,2024-03-07 16:36:00+00:00,8.6614,49.4085,2024-03-07 18:00:00+00:00,8.6614,49.4085,27000,65,65,27000
6572,2024-03-07 16:36:00+00:00,8.6592,49.4095,2024-03-07 17:06:00+00:00,8.6594,49.4094,10000,32,32,10000
10989,2024-03-07 16:36:00+00:00,8.6822,49.3833,2024-03-07 16:48:00+00:00,8.6903,49.3837,31000,71,70,30000
9728,2024-03-07 16:39:00+00:00,8.6678,49.404,2024-03-07 16:45:00+00:00,8.6676,49.404,22000,55,55,22000
3280,2024-03-07 16:39:00+00:00,8.6671,49.3812,2024-03-07 16:51:00+00:00,8.6657,49.3816,11000,35,33,10000
11402,2024-03-07 16:39:00+00:00,8.6923,49.408,2024-03-07 16:48:00+00:00,8.69,49.4055,25000,61,60,25000
152,2024-03-07 16:39:00+00:00,8.6676,49.4155,2024-03-07 16:48:00+00:00,8.6623,49.4233,42000,92,89,40000
5820,2024-03-07 16:39:00+00:00,8.6485,49.427,2024-03-07 16:45:00+00:00,8.6422,49.425,40000,89,89,40000
9631,2024-03-07 16:42:00+00:00,8.6692,49.4048,2024-03-07 17:57:00+00:00,8.6691,49.4048,40000,89,89,40000
7427,2024-03-07 16:42:00+00:00,8.6856,49.4142,2024-03-07 16:51:00+00:00,8.6856,49.4172,12000,36,34,11000
9533,2024-03-07 16:42:00+00:00,8.6609,49.4061,2024-03-07 17:06:00+00:00,8.6556,49.407,30000,70,64,27000
4165,2024-03-07 16:42:00+00:00,8.6922,49.408,2024-03-07 16:48:00+00:00,8.69,49.4055,10000,32,32,10000
2096,2024-03-07 16:42:00+00:00,8.6924,49.4081,2024-03-07 16:48:00+00:00,8.6901,49.4055,18000,48,48,18000
8522,2024-03-07 16:45:00+00:00,8.689,49.4217,2024-03-07 17:03:00+00:00,8.6513,49.4139,40000,88,80,35000
7344,2024-03-07 16:45:00+00:00,8.6751,49.4031,2024-03-07 16:51:00+00:00,8.6687,49.4008,40000,88,86,39000
5255,2024-03-07 16:48:00+00:00,8.6544,49.4083,2024-03-07 16:54:00+00:00,8.6543,49.4083,42000,92,92,42000
6293,2024-03-07 16:51:00+00:00,8.673,49.3946,2024-03-07 17:03:00+00:00,8.6903,49.3831,29000,68,61,25000
4778,2024-03-07 16:51:00+00:00,8.6923,49.4148,2024-03-07 17:00:00+00:00,8.6881,49.4244,40000,88,85,38000
3670,2024-03-07 16:51:00+00:00,8.6695,49.4018,2024-03-07 16:57:00+00:00,8.676,49.3995,32000,74,74,32000
1920,2024-03-07 16:51:00+00:00,8.6944,49.4076,2024-03-07 17:00:00+00:00,8.6897,49.3959,31000,72,68,29000
2920,2024-03-07 16:54:00+00:00,8.693,49.4105,2024-03-07 17:03:00+00:00,8.6853,49.414,17000,46,44,16000
8020,2024-03-07 16:57:00+00:00,8.6907,49.4057,2024-03-07 17:03:00+00:00,8.6915,49.3999,23000,57,57,23000
423,2024-03-07 16:57:00+00:00,8.6889,49.3995,2024-03-07 17:03:00+00:00,8.6863,49.3945,6000,26,25,6000
6818,2024-03-07 16:57:00+00:00,8.6593,49.4094,2024-03-07 17:12:00+00:00,8.6593,49.4094,30000,70,70,30000
9369,2024-03-07 16:57:00+00:00,8.6513,49.4191,2024-03-07 17:06:00+00:00,8.6434,49.4292,22000,55,54,21000
11928,2024-03-07 17:00:00+00:00,8.6795,49.4053,2024-03-07 17:09:00+00:00,8.6998,49.4099,12000,37,31,9000
7225,2024-03-07 17:00:00+00:00,8.6891,49.4078,2024-03-07 17:06:00+00:00,8.6784,49.4075,36000,82,80,35000
11194,2024-03-07 17:00:00+00:00,8.6823,49.3823,2024-03-07 17:06:00+00:00,8.6788,49.383,43000,95,95,43000
3252,2024-03-07 17:00:00+00:00,8.6893,49.4085,2024-03-07 17:06:00+00:00,8.6813,49.4081,13000,38,38,13000
5725,2024-03-07 17:03:00+00:00,8.6855,49.4019,2024-03-07 17:09:00+00:00,8.6878,49.4051,4000,21,21,4000
807,2024-03-07 17:03:00+00:00,8.6807,49.4368,2024-03-07 17:15:00+00:00,8.6749,49.4199,4000,22,16,1000
11903,2024-03-07 17:06:00+00:00,8.6707,49.4009,2024-03-07 17:15:00+00:00,8.6825,49.3971,41000,90,88,40000
9533,2024-03-07 17:06:00+00:00,8.6556,49.407,2024-03-07 17:18:00+00:00,8.643,49.3957,27000,64,59,24000
1475,2024-03-07 17:06:00+00:00,8.6471,49.4033,2024-03-07 17:15:00+00:00,8.6555,49.4133,3000,19,16,1000
10428,2024-03-07 17:09:00+00:00,8.6893,49.3986,2024-03-07 17:21:00+00:00,8.6896,49.414,31000,71,67,28000
1920,2024-03-07 17:09:00+00:00,8.6897,49.3959,2024-03-07 17:18:00+00:00,8.6942,49.406,29000,68,67,28000
10798,2024-03-07 17:09:00+00:00,8.6425,49.4023,2024-03-07 17:27:00+00:00,8.6395,49.4014,31000,71,65,27000
11091,2024-03-07 17:09:00+00:00,8.6978,49.41,2024-03-07 17:18:00+00:00,8.6834,49.4057,33000,76,75,33000
12904,2024-03-07 17:12:00+00:00,8.6691,49.4049,2024-03-07 17:42:00+00:00,8.6691,49.4048,35000,80,80,35000
9027,2024-03-07 17:12:00+00:00,8.6687,49.4008,2024-03-07 17:24:00+00:00,8.6455,49.4019,46000,100,99,45000
12825,2024-03-07 17:12:00+00:00,8.6838,49.384,2024-03-07 17:36:00+00:00,8.6841,49.3825,11000,35,30,9000
3337,2024-03-07 17:12:00+00:00,8.6736,49.3974,2024-03-07 17:24:00+00:00,8.6422,49.4024,7000,27,20,3000
4881,2024-03-07 17:12:00+00:00,8.6888,49.4131,2024-03-07 17:36:00+00:00,8.6782,49.4048,33000,76,68,29000
5090,2024-03-07 17:12:00+00:00,8.6568,49.4252,2024-03-07 17:30:00+00:00,8.687,49.4244,31000,72,68,29000
10903,2024-03-07 17:12:00+00:00,8.6678,49.419,2024-03-07 17:24:00+00:00,8.6901,49.4166,31000,72,69,29000
9491,2024-03-07 17:15:00+00:00,8.6707,49.4011,2024-03-07 17:21:00+00:00,8.6707,49.4011,9000,31,31,9000
8699,2024-03-07 17:15:00+00:00,8.6781,49.3994,2024-03-07 17:30:00+00:00,8.6535,49.4145,5000,24,16,1000
8190,2024-03-07 17:15:00+00:00,8.6476,49.3969,2024-03-07 18:18:00+00:00,8.6476,49.3969,2000,17,17,2000
5820,2024-03-07 17:18:00+00:00,8.6421,49.425,2024-03-07 17:27:00+00:00,8.6491,49.4262,39000,87,85,38000
12165,2024-03-07 17:21:00+00:00,8.6937,49.4089,2024-03-07 17:27:00+00:00,8.693,49.4155,31000,71,71,31000
5877,2024-03-07 17:21:00+00:00,8.6749,49.4053,2024-03-07 17:33:00+00:00,8.6763,49.4129,16000,43,39,13000
7194,2024-03-07 17:24:00+00:00,8.6918,49.4102,2024-03-07 17:33:00+00:00,8.6872,49.4034,34000,77,75,33000
9369,2024-03-07 17:27:00+00:00,8.6433,49.4293,2024-03-07 17:36:00+00:00,8.6456,49.4314,20000,51,50,19000
2786,2024-03-07 17:30:00+00:00,8.6865,49.3852,2024-03-07 17:42:00+00:00,8.6852,49.3673,43000,95,91,41000
8931,2024-03-07 17:30:00+00:00,8.6779,49.3799,2024-03-07 17:36:00+00:00,8.6853,49.3812,5000,24,23,5000
5802,2024-03-07 17:30:00+00:00,8.6494,49.4048,2024-03-07 17:48:00+00:00,8.6659,49.4053,28000,67,60,25000
9397,2024-03-07 17:30:00+00:00,8.674,49.3943,2024-03-07 17:39:00+00:00,8.6689,49.401,11000,34,29,8000
2172,2024-03-07 17:33:00+00:00,8.6778,49.404,2024-03-07 18:12:00+00:00,8.6931,49.4108,19000,49,35,11000
7047,2024-03-07 17:33:00+00:00,8.6762,49.4192,2024-03-07 17:48:00+00:00,8.6924,49.4082,28000,67,63,26000
5335,2024-03-07 17:36:00+00:00,8.6712,49.415,2024-03-07 17:45:00+00:00,8.6815,49.4148,17000,45,43,16000
10532,2024-03-07 17:36:00+00:00,8.6753,49.3804,2024-03-07 17:42:00+00:00,8.6753,49.3804,9000,31,31,9000
1090,2024-03-07 17:36:00+00:00,8.6801,49.3994,2024-03-07 17:48:00+00:00,8.6917,49.4073,7000,27,22,4000
4507,2024-03-07 17:39:00+00:00,8.6887,49.4084,2024-03-07 17:48:00+00:00,8.6997,49.4101,11000,34,34,11000
7243,2024-03-07 17:39:00+00:00,8.6713,49.4066,2024-03-07 17:51:00+00:00,8.6818,49.3935,25000,60,54,21000
11757,2024-03-07 17:39:00+00:00,8.6805,49.3949,2024-03-07 17:54:00+00:00,8.6805,49.3765,42000,93,89,40000
5877,2024-03-07 17:39:00+00:00,8.6763,49.4129,2024-03-07 18:03:00+00:00,8.7083,49.4106,13000,38,32,10000
2920,2024-03-07 17:39:00+00:00,8.6851,49.414,2024-03-07 17:51:00+00:00,8.7093,49.4152,16000,43,38,13000
6644,2024-03-07 17:42:00+00:00,8.6774,49.378,2024-03-07 17:51:00+00:00,8.6789,49.3864,37000,84,83,37000
6012,2024-03-07 17:42:00+00:00,8.6884,49.4085,2024-03-07 17:48:00+00:00,8.6997,49.4102,36000,81,78,34000
3773,2024-03-07 17:42:00+00:00,8.6648,49.4044,2024-03-07 17:48:00+00:00,8.6648,49.4044,17000,45,45,17000
7221,2024-03-07 17:45:00+00:00,8.6754,49.4181,2024-03-07 18:03:00+00:00,8.689,49.3985,25000,60,54,21000
8020,2024-03-07 17:45:00+00:00,8.6913,49.4,2024-03-07 18:00:00+00:00,8.6925,49.3766,21000,54,51,20000
1920,2024-03-07 17:45:00+00:00,8.6941,49.4067,2024-03-07 18:00:00+00:00,8.6903,49.3878,25000,60,55,22000
989,2024-03-07 17:48:00+00:00,8.6841,49.4076,2024-03-07 18:06:00+00:00,8.6757,49.3993,18000,48,44,16000
5802,2024-03-07 17:48:00+00:00,8.6659,49.4053,2024-03-07 19:54:00+00:00,8.6658,49.4053,25000,60,58,24000
957,2024-03-07 17:48:00+00:00,8.6753,49.4055,2024-03-07 17:57:00+00:00,8.656,49.4099,18000,47,41,14000
5090,2024-03-07 17:51:00+00:00,8.6872,49.4243,2024-03-07 18:03:00+00:00,8.702,49.4124,28000,67,63,26000
2830,2024-03-07 17:51:00+00:00,8.6823,49.3845,2024-03-07 17:57:00+00:00,8.6868,49.3806,32000,73,72,31000
7047,2024-03-07 17:51:00+00:00,8.6924,49.4082,2024-03-07 18:48:00+00:00,8.6903,49.3877,26000,63,46,17000
10083,2024-03-07 17:54:00+00:00,8.6759,49.3992,2024-03-07 18:06:00+00:00,8.6748,49.3852,11000,34,31,9000
471,2024-03-07 17:54:00+00:00,8.6876,49.3803,2024-03-07 18:06:00+00:00,8.6942,49.4065,38000,85,79,35000
1855,2024-03-07 17:54:00+00:00,8.7105,49.4088,2024-03-07 18:18:00+00:00,8.6727,49.3907,31000,72,65,27000
5535,2024-03-07 17:54:00+00:00,8.7105,49.4088,2024-03-07 18:18:00+00:00,8.6727,49.3907,35000,79,72,31000
2096,2024-03-07 17:57:00+00:00,8.6901,49.4054,2024-03-07 18:12:00+00:00,8.7091,49.4127,18000,47,39,13000
11402,2024-03-07 17:57:00+00:00,8.69,49.4055,2024-03-07 18:12:00+00:00,8.709,49.4127,24000,59,54,21000
4165,2024-03-07 17:57:00+00:00,8.69,49.4055,2024-03-07 18:12:00+00:00,8.709,49.4128,9000,31,25,6000
6907,2024-03-07 18:00:00+00:00,8.6691,49.4048,2024-03-07 18:21:00+00:00,8.7088,49.4132,40000,89,76,33000
1920,2024-03-07 18:00:00+00:00,8.6903,49.3878,2024-03-07 18:09:00+00:00,8.6908,49.4003,22000,55,51,20000
6721,2024-03-07 18:00:00+00:00,8.6692,49.4049,2024-03-07 18:06:00+00:00,8.6628,49.4038,42000,92,91,41000
8225,2024-03-07 18:03:00+00:00,8.7076,49.4132,2024-03-07 18:15:00+00:00,8.6763,49.4044,15000,42,35,11000
3913,2024-03-07 18:03:00+00:00,8.6807,49.3796,2024-03-07 18:09:00+00:00,8.6867,49.3802,29000,69,69,29000
9161,2024-03-07 18:03:00+00:00,8.6799,49.395,2024-03-07 18:12:00+00:00,8.6913,49.3934,27000,65,62,26000
10424,2024-03-07 18:06:00+00:00,8.6881,49.4074,2024-03-07 18:12:00+00:00,8.6764,49.4042,37000,84,82,36000
2713,2024-03-07 18:09:00+00:00,8.6659,49.4029,2024-03-07 18:18:00+00:00,8.691,49.4089,7000,27,23,5000
5321,2024-03-07 18:09:00+00:00,8.64,49.3938,2024-03-07 18:21:00+00:00,8.6458,49.4028,31000,72,68,29000
7194,2024-03-07 18:09:00+00:00,8.6872,49.4034,2024-03-07 18:27:00+00:00,8.6904,49.3874,32000,74,70,30000
288,2024-03-07 18:09:00+00:00,8.6903,49.3921,2024-03-07 18:15:00+00:00,8.6872,49.3899,25000,60,60,25000
8369,2024-03-07 18:09:00+00:00,8.6902,49.3923,2024-03-07 18:18:00+00:00,8.6871,49.3898,39000,87,86,39000
9728,2024-03-07 18:12:00+00:00,8.6677,49.4039,2024-03-07 18:18:00+00:00,8.6678,49.4039,22000,55,54,21000
10083,2024-03-07 18:12:00+00:00,8.6748,49.3852,2024-03-07 18:18:00+00:00,8.6742,49.3794,9000,30,30,9000
1806,2024-03-07 18:15:00+00:00,8.6432,49.3976,2024-03-07 18:21:00+00:00,8.6458,49.4026,37000,84,83,37000
9283,2024-03-07 18:15:00+00:00,8.6731,49.415,2024-03-07 18:21:00+00:00,8.6689,49.4157,41000,90,90,41000
8568,2024-03-07 18:18:00+00:00,8.6744,49.4081,2024-03-07 20:06:00+00:00,8.6624,49.4048,30000,70,65,27000
12078,2024-03-07 18:18:00+00:00,8.6525,49.4163,2024-03-07 18:45:00+00:00,8.6538,49.415,4000,22,20,3000
1947,2024-03-07 18:21:00+00:00,8.6563,49.4105,2024-03-07 18:57:00+00:00,8.6564,49.4105,20000,51,51,20000
1090,2024-03-07 18:21:00+00:00,8.6922,49.4073,2024-03-07 22:51:00+00:00,8.6642,49.4059,3000,20,16,1000
3712,2024-03-07 18:21:00+00:00,8.6929,49.4087,2024-03-07 18:27:00+00:00,8.7016,49.4094,39000,87,87,39000
3717,2024-03-07 18:24:00+00:00,8.6851,49.3996,2024-03-07 19:03:00+00:00,8.6851,49.3996,35000,79,79,35000
10898,2024-03-07 18:24:00+00:00,8.6676,49.4181,2024-03-07 18:36:00+00:00,8.6869,49.4065,28000,67,59,24000
5245,2024-03-07 18:24:00+00:00,8.6614,49.4085,2024-03-07 19:09:00+00:00,8.6613,49.4085,27000,65,65,27000
8881,2024-03-07 18:24:00+00:00,8.6691,49.4049,2024-03-07 19:12:00+00:00,8.6691,49.4049,40000,89,89,40000
12904,2024-03-07 18:30:00+00:00,8.6691,49.4048,2024-03-07 19:03:00+00:00,8.6691,49.4048,35000,80,80,35000
5646,2024-03-07 18:30:00+00:00,8.7038,49.41,2024-03-07 18:48:00+00:00,8.6722,49.4033,40000,88,80,35000
2592,2024-03-07 18:30:00+00:00,8.6855,49.4291,2024-03-07 18:39:00+00:00,8.6843,49.4208,28000,67,64,27000
8268,2024-03-07 18:33:00+00:00,8.6854,49.4005,2024-03-07 18:45:00+00:00,8.6767,49.4078,31000,72,70,30000
7105,2024-03-07 18:36:00+00:00,8.6817,49.434,2024-03-07 19:03:00+00:00,8.6781,49.4363,20000,51,49,19000
12827,2024-03-07 18:36:00+00:00,8.6754,49.3804,2024-03-07 18:42:00+00:00,8.6747,49.3849,40000,89,89,40000
11633,2024-03-07 18:36:00+00:00,8.6758,49.4026,2024-03-07 19:06:00+00:00,8.6684,49.4035,19000,50,47,18000
9744,2024-03-07 18:36:00+00:00,8.6757,49.4063,2024-03-07 18:42:00+00:00,8.679,49.4096,35000,80,79,35000
10170,2024-03-07 18:39:00+00:00,8.6842,49.4069,2024-03-07 18:48:00+00:00,8.6821,49.4017,39000,87,85,38000
6192,2024-03-07 18:42:00+00:00,8.6742,49.3818,2024-03-07 18:51:00+00:00,8.6792,49.387,20000,51,46,17000
5982,2024-03-07 18:48:00+00:00,8.6927,49.4065,2024-03-07 18:57:00+00:00,8.6904,49.4146,19000,50,47,18000
10711,2024-03-07 18:48:00+00:00,8.7114,49.4112,2024-03-07 18:54:00+00:00,8.7031,49.4103,31000,72,72,31000
10366,2024-03-07 18:48:00+00:00,8.6781,49.4079,2024-03-07 18:54:00+00:00,8.6945,49.4079,39000,86,82,36000
8725,2024-03-07 18:48:00+00:00,8.6849,49.4014,2024-03-07 18:57:00+00:00,8.6933,49.4094,13000,38,37,12000
1420,2024-03-07 18:48:00+00:00,8.6889,49.4264,2024-03-07 18:57:00+00:00,8.692,49.4111,25000,60,57,23000
555,2024-03-07 18:48:00+00:00,8.705,49.4125,2024-03-07 18:57:00+00:00,8.6855,49.4147,28000,67,60,25000
11402,2024-03-07 18:48:00+00:00,8.709,49.4127,2024-03-07 18:57:00+00:00,8.6984,49.412,20000,52,52,20000
2486,2024-03-07 18:51:00+00:00,8.6848,49.4231,2024-03-07 19:00:00+00:00,8.6714,49.4198,31000,71,69,29000
6398,2024-03-07 18:51:00+00:00,8.6859,49.3756,2024-03-07 20:09:00+00:00,8.6791,49.4267,30000,70,48,18000
7383,2024-03-07 18:51:00+00:00,8.6859,49.3756,2024-03-07 20:24:00+00:00,8.684,49.3993,31000,71,49,19000
11616,2024-03-07 18:54:00+00:00,8.6629,49.4162,2024-03-07 19:06:00+00:00,8.6766,49.4054,11000,34,30,9000
3061,2024-03-07 18:54:00+00:00,8.6899,49.3941,2024-03-07 19:00:00+00:00,8.6846,49.4042,24000,59,57,23000
10898,2024-03-07 18:54:00+00:00,8.6869,49.4066,2024-03-07 19:06:00+00:00,8.7085,49.411,23000,57,57,23000
9728,2024-03-07 18:54:00+00:00,8.6678,49.4039,2024-03-07 19:03:00+00:00,8.6679,49.4038,21000,54,54,21000
6032,2024-03-07 18:57:00+00:00,8.6869,49.3837,2024-03-07 19:03:00+00:00,8.6877,49.3805,13000,38,37,12000
3650,2024-03-07 18:57:00+00:00,8.6826,49.4,2024-03-07 19:03:00+00:00,8.6826,49.4,19000,49,49,19000
3713,2024-03-07 19:00:00+00:00,8.6696,49.4178,2024-03-07 19:27:00+00:00,8.6711,49.4164,28000,66,65,27000
12689,2024-03-07 19:00:00+00:00,8.6762,49.416,2024-03-07 19:09:00+00:00,8.6903,49.4187,12000,37,33,10000
3670,2024-03-07 19:00:00+00:00,8.6762,49.3994,2024-03-07 19:06:00+00:00,8.6685,49.4011,31000,71,71,31000
10698,2024-03-07 19:03:00+00:00,8.6685,49.4075,2024-03-07 19:09:00+00:00,8.6684,49.4074,19000,49,49,19000
8238,2024-03-07 19:03:00+00:00,8.7119,49.4118,2024-03-07 19:18:00+00:00,8.7195,49.4118,42000,92,83,37000
5827,2024-03-07 19:03:00+00:00,8.6805,49.4332,2024-03-07 19:12:00+00:00,8.6842,49.423,30000,70,67,28000
3061,2024-03-07 19:03:00+00:00,8.6846,49.4042,2024-03-07 19:09:00+00:00,8.6846,49.4042,23000,57,55,22000
10730,2024-03-07 19:06:00+00:00,8.6707,49.404,2024-03-07 19:12:00+00:00,8.6758,49.4025,43000,95,95,43000
8734,2024-03-07 19:06:00+00:00,8.6745,49.385,2024-03-07 19:12:00+00:00,8.6747,49.3803,17000,46,45,17000
3101,2024-03-07 19:06:00+00:00,8.6823,49.3886,2024-03-07 19:21:00+00:00,8.6489,49.3961,37000,84,77,34000
10299,2024-03-07 19:06:00+00:00,8.6874,49.4094,2024-03-07 19:21:00+00:00,8.6797,49.4302,42000,92,82,36000
777,2024-03-07 19:06:00+00:00,8.6667,49.402,2024-03-07 19:12:00+00:00,8.6667,49.402,39000,87,87,39000
11194,2024-03-07 19:06:00+00:00,8.6824,49.3821,2024-03-07 19:12:00+00:00,8.6788,49.3833,42000,92,92,42000
12230,2024-03-07 19:06:00+00:00,8.6853,49.4024,2024-03-07 19:15:00+00:00,8.706,49.4105,18000,48,44,16000
10170,2024-03-07 19:09:00+00:00,8.683,49.4018,2024-03-07 19:15:00+00:00,8.6822,49.4018,37000,84,84,37000
6132,2024-03-07 19:09:00+00:00,8.6697,49.4019,2024-03-07 19:15:00+00:00,8.6697,49.402,39000,87,87,39000
5345,2024-03-07 19:09:00+00:00,8.6848,49.3957,2024-03-07 19:15:00+00:00,8.6886,49.3966,5000,23,23,5000
9446,2024-03-07 19:12:00+00:00,8.6903,49.3795,2024-03-07 19:18:00+00:00,8.6755,49.3789,24000,59,57,23000
4193,2024-03-07 19:12:00+00:00,8.6757,49.4061,2024-03-07 19:21:00+00:00,8.6832,49.4139,20000,52,51,20000
4919,2024-03-07 19:12:00+00:00,8.6876,49.3751,2024-03-07 19:24:00+00:00,8.6894,49.3887,41000,91,88,40000
1058,2024-03-07 19:12:00+00:00,8.6396,49.405,2024-03-07 19:18:00+00:00,8.6396,49.405,38000,85,85,38000
11194,2024-03-07 19:15:00+00:00,8.6788,49.3833,2024-03-07 19:21:00+00:00,8.6822,49.3824,41000,91,91,41000
1275,2024-03-07 19:18:00+00:00,8.6885,49.4279,2024-03-07 19:24:00+00:00,8.6849,49.4232,34000,77,76,33000
9369,2024-03-07 19:18:00+00:00,8.6459,49.4314,2024-03-07 19:27:00+00:00,8.6512,49.4192,18000,48,42,15000
3650,2024-03-07 19:18:00+00:00,8.6826,49.4,2024-03-07 19:42:00+00:00,8.6687,49.4049,19000,49,44,16000
471,2024-03-07 19:18:00+00:00,8.6941,49.4068,2024-03-07 19:36:00+00:00,8.6755,49.391,34000,77,71,31000
8268,2024-03-07 19:21:00+00:00,8.6767,49.4079,2024-03-07 19:30:00+00:00,8.6926,49.409,29000,69,66,28000
1622,2024-03-07 19:21:00+00:00,8.6764,49.4042,2024-03-07 19:30:00+00:00,8.6902,49.4004,26000,63,58,24000
10083,2024-03-07 19:21:00+00:00,8.6741,49.3793,2024-03-07 19:30:00+00:00,8.6667,49.384,8000,28,25,6000
9446,2024-03-07 19:21:00+00:00,8.6755,49.3789,2024-03-07 19:30:00+00:00,8.6654,49.3765,23000,57,54,21000
6644,2024-03-07 19:21:00+00:00,8.6789,49.3865,2024-03-07 19:30:00+00:00,8.6774,49.3781,35000,80,78,34000
6153,2024-03-07 19:24:00+00:00,8.693,49.406,2024-03-07 19:33:00+00:00,8.7055,49.4096,25000,61,57,23000
11368,2024-03-07 19:24:00+00:00,8.6903,49.3795,2024-03-07 19:30:00+00:00,8.6936,49.3778,27000,64,63,26000
8864,2024-03-07 19:24:00+00:00,8.64,49.4023,2024-03-07 19:30:00+00:00,8.639,49.4075,20000,52,51,20000
4970,2024-03-07 19:27:00+00:00,8.7018,49.4093,2024-03-07 19:36:00+00:00,8.6892,49.4058,5000,24,21,4000
3713,2024-03-07 19:27:00+00:00,8.6711,49.4164,2024-03-07 19:36:00+00:00,8.6871,49.406,27000,65,60,25000
957,2024-03-07 19:30:00+00:00,8.6557,49.4098,2024-03-07 19:45:00+00:00,8.6412,49.4106,14000,41,37,12000
8130,2024-03-07 19:36:00+00:00,8.6778,49.4169,2024-03-07 19:45:00+00:00,8.6924,49.4095,40000,88,87,39000
1899,2024-03-07 19:36:00+00:00,8.6768,49.404,2024-03-07 19:45:00+00:00,8.6871,49.4057,40000,89,86,39000
7722,2024-03-07 19:39:00+00:00,8.6445,49.3959,2024-03-07 19:45:00+00:00,8.6414,49.4018,44000,97,96,44000
5982,2024-03-07 19:39:00+00:00,8.69,49.4144,2024-03-07 19:57:00+00:00,8.6705,49.3939,17000,46,37,12000
6111,2024-03-07 19:42:00+00:00,8.6433,49.3976,2024-03-07 19:48:00+00:00,8.6433,49.3976,36000,81,81,36000
9631,2024-03-07 19:42:00+00:00,8.6691,49.405,2024-03-07 19:48:00+00:00,8.6692,49.4048,39000,87,87,39000
8268,2024-03-07 19:45:00+00:00,8.6926,49.4089,2024-03-07 19:51:00+00:00,8.6889,49.4076,27000,64,64,27000
471,2024-03-07 19:48:00+00:00,8.6755,49.391,2024-03-07 19:57:00+00:00,8.6724,49.3828,30000,70,69,29000
11503,2024-03-07 19:48:00+00:00,8.6586,49.4225,2024-03-07 20:00:00+00:00,8.6754,49.4194,28000,66,60,25000
8573,2024-03-07 19:48:00+00:00,8.6587,49.4225,2024-03-07 20:00:00+00:00,8.6754,49.4194,40000,89,81,36000
6878,2024-03-07 19:48:00+00:00,8.6758,49.4026,2024-03-07 19:54:00+00:00,8.6761,49.3995,46000,100,100,46000
6132,2024-03-07 19:48:00+00:00,8.6697,49.402,2024-03-07 19:54:00+00:00,8.6696,49.4019,39000,87,87,39000
1958,2024-03-07 19:48:00+00:00,8.681,49.4078,2024-03-07 19:57:00+00:00,8.6971,49.4117,40000,88,87,39000
10424,2024-03-07 19:48:00+00:00,8.6763,49.4043,2024-03-07 19:54:00+00:00,8.6816,49.401,36000,81,81,36000
8883,2024-03-07 19:48:00+00:00,8.6778,49.4343,2024-03-07 19:57:00+00:00,8.678,49.4343,26000,62,60,25000
586,2024-03-07 19:48:00+00:00,8.6912,49.4,2024-03-07 20:00:00+00:00,8.694,49.4088,42000,92,88,40000
5245,2024-03-07 19:51:00+00:00,8.6613,49.4085,2024-03-07 20:15:00+00:00,8.6613,49.4085,27000,65,65,27000
9533,2024-03-07 19:51:00+00:00,8.643,49.3957,2024-03-07 20:21:00+00:00,8.6413,49.399,22000,55,49,19000
2352,2024-03-07 19:54:00+00:00,8.6875,49.43,2024-03-07 20:06:00+00:00,8.6923,49.4082,40000,89,86,39000
3252,2024-03-07 19:54:00+00:00,8.6809,49.4078,2024-03-07 20:03:00+00:00,8.6928,49.4099,11000,35,31,9000
12827,2024-03-07 19:57:00+00:00,8.6745,49.3849,2024-03-07 20:03:00+00:00,8.6747,49.3802,39000,87,87,39000
7221,2024-03-07 19:57:00+00:00,8.6891,49.3984,2024-03-07 20:09:00+00:00,8.6788,49.3838,20000,51,49,19000
2112,2024-03-07 19:57:00+00:00,8.6858,49.3972,2024-03-07 20:12:00+00:00,8.6585,49.3817,36000,82,76,33000
11368,2024-03-07 20:00:00+00:00,8.694,49.3775,2024-03-07 20:09:00+00:00,8.6937,49.3777,26000,62,58,24000
7193,2024-03-07 20:00:00+00:00,8.6707,49.4022,2024-03-07 20:06:00+00:00,8.6707,49.4024,34000,78,78,34000
8967,2024-03-07 20:03:00+00:00,8.659,49.4261,2024-03-07 20:21:00+00:00,8.7103,49.4132,29000,68,52,20000
4359,2024-03-07 20:03:00+00:00,8.7197,49.4149,2024-03-07 20:12:00+00:00,8.7135,49.4135,17000,46,44,16000
9728,2024-03-07 20:03:00+00:00,8.668,49.4039,2024-03-07 21:12:00+00:00,8.6679,49.4039,21000,54,54,21000
3671,2024-03-07 20:03:00+00:00,8.6661,49.4054,2024-03-07 21:12:00+00:00,8.6661,49.4054,39000,86,86,39000
1166,2024-03-07 20:06:00+00:00,8.6781,49.3836,2024-03-07 20:15:00+00:00,8.688,49.3834,14000,40,39,13000
7221,2024-03-07 20:09:00+00:00,8.6788,49.3838,2024-03-07 20:18:00+00:00,8.6799,49.3732,19000,49,45,17000
5255,2024-03-07 20:09:00+00:00,8.6544,49.4082,2024-03-07 21:12:00+00:00,8.6544,49.4082,41000,91,91,41000
6192,2024-03-07 20:12:00+00:00,8.6791,49.3869,2024-03-07 20:30:00+00:00,8.6776,49.4078,16000,43,34,11000
10122,2024-03-07 20:12:00+00:00,8.6601,49.4068,2024-03-07 20:18:00+00:00,8.6601,49.4068,18000,48,47,18000
11503,2024-03-07 20:12:00+00:00,8.6754,49.4194,2024-03-07 20:21:00+00:00,8.6624,49.423,23000,57,55,22000
8573,2024-03-07 20:12:00+00:00,8.6754,49.4194,2024-03-07 20:21:00+00:00,8.6623,49.4232,35000,79,74,32000
6818,2024-03-07 20:12:00+00:00,8.6594,49.4095,2024-03-07 20:30:00+00:00,8.6683,49.4068,30000,70,51,20000
2232,2024-03-07 20:12:00+00:00,8.6626,49.4089,2024-03-07 21:12:00+00:00,8.6626,49.4089,23000,57,57,23000
3294,2024-03-07 20:18:00+00:00,8.6752,49.4179,2024-03-07 20:30:00+00:00,8.6782,49.4338,31000,71,64,27000
829,2024-03-07 20:21:00+00:00,8.6867,49.4064,2024-03-07 20:27:00+00:00,8.6859,49.4054,13000,39,39,13000
7971,2024-03-07 20:24:00+00:00,8.6856,49.4062,2024-03-07 20:33:00+00:00,8.6703,49.3996,4000,21,18,2000
8020,2024-03-07 20:27:00+00:00,8.6923,49.3765,2024-03-07 20:42:00+00:00,8.6927,49.4023,18000,48,42,15000
3101,2024-03-07 20:30:00+00:00,8.6491,49.396,2024-03-07 20:39:00+00:00,8.6471,49.404,33000,75,73,32000
5802,2024-03-07 20:30:00+00:00,8.6656,49.4055,2024-03-07 20:39:00+00:00,8.6414,49.4019,23000,57,53,21000
11368,2024-03-07 20:30:00+00:00,8.6939,49.3775,2024-03-07 20:36:00+00:00,8.6907,49.3794,21000,54,54,21000
3393,2024-03-07 20:36:00+00:00,8.6462,49.405,2024-03-07 20:45:00+00:00,8.6521,49.4097,7000,27,26,6000
5982,2024-03-07 20:39:00+00:00,8.6704,49.3938,2024-03-07 20:54:00+00:00,8.6887,49.3808,12000,36,29,8000
11368,2024-03-07 20:45:00+00:00,8.6906,49.3794,2024-03-07 20:51:00+00:00,8.6938,49.3776,21000,54,54,21000
3061,2024-03-07 20:45:00+00:00,8.6845,49.4045,2024-03-07 20:51:00+00:00,8.6891,49.399,22000,55,55,22000
10190,2024-03-07 20:45:00+00:00,8.681,49.4027,2024-03-07 20:54:00+00:00,8.684,49.4072,17000,45,44,16000
5203,2024-03-07 20:45:00+00:00,8.6807,49.3827,2024-03-07 20:54:00+00:00,8.6862,49.3728,34000,77,74,32000
586,2024-03-07 20:51:00+00:00,8.6936,49.4089,2024-03-07 21:06:00+00:00,8.6823,49.3822,39000,87,80,35000
9753,2024-03-07 20:51:00+00:00,8.6968,49.412,2024-03-07 21:00:00+00:00,8.6849,49.4139,18000,47,44,16000
11016,2024-03-07 20:54:00+00:00,8.676,49.419,2024-03-07 21:00:00+00:00,8.6831,49.4261,35000,80,80,35000
7404,2024-03-07 21:00:00+00:00,8.6748,49.4188,2024-03-07 21:18:00+00:00,8.6481,49.4206,28000,67,59,24000
12827,2024-03-07 21:03:00+00:00,8.675,49.3801,2024-03-07 21:18:00+00:00,8.6908,49.4004,38000,85,78,34000
7427,2024-03-07 21:06:00+00:00,8.6855,49.4173,2024-03-07 21:15:00+00:00,8.6761,49.4188,10000,32,29,8000
850,2024-03-07 21:12:00+00:00,8.6495,49.4143,2024-03-07 21:18:00+00:00,8.6495,49.4143,31000,71,71,31000
10424,2024-03-07 21:15:00+00:00,8.6815,49.4009,2024-03-07 21:30:00+00:00,8.706,49.4097,35000,79,72,31000
6012,2024-03-07 21:21:00+00:00,8.6997,49.4104,2024-03-07 21:27:00+00:00,8.6938,49.4097,34000,77,77,34000
7427,2024-03-07 21:24:00+00:00,8.6761,49.4188,2024-03-07 21:33:00+00:00,8.6872,49.4189,8000,29,27,7000
6012,2024-03-07 21:30:00+00:00,8.6938,49.4097,2024-03-07 21:39:00+00:00,8.7061,49.4113,34000,77,71,31000
8225,2024-03-07 21:30:00+00:00,8.6765,49.4043,2024-03-07 21:45:00+00:00,8.6745,49.3987,10000,33,29,8000
6485,2024-03-07 21:33:00+00:00,8.6723,49.383,2024-03-07 21:39:00+00:00,8.6633,49.3822,30000,70,70,30000
12689,2024-03-07 21:36:00+00:00,8.6905,49.419,2024-03-07 21:45:00+00:00,8.6712,49.4125,10000,33,28,8000
2352,2024-03-07 21:36:00+00:00,8.6925,49.4082,2024-03-07 21:42:00+00:00,8.6919,49.403,37000,83,82,36000
8130,2024-03-07 21:36:00+00:00,8.6927,49.4093,2024-03-07 21:54:00+00:00,8.6388,49.4015,36000,82,76,33000
5982,2024-03-07 21:39:00+00:00,8.6886,49.3807,2024-03-07 21:51:00+00:00,8.6885,49.4002,6000,26,23,5000
7442,2024-03-07 21:42:00+00:00,8.6876,49.3803,2024-03-07 21:48:00+00:00,8.6774,49.3794,37000,83,83,37000
8646,2024-03-07 21:42:00+00:00,8.6729,49.3946,2024-03-07 22:06:00+00:00,8.6429,49.4215,31000,71,61,25000
0,2024-03-07 21:51:00+00:00,8.6675,49.4156,2024-03-07 21:57:00+00:00,8.6751,49.4188,21000,53,49,19000
555,2024-03-07 21:51:00+00:00,8.6847,49.4149,2024-03-07 22:00:00+00:00,8.6921,49.4075,24000,59,55,22000
3138,2024-03-07 21:57:00+00:00,8.6748,49.4189,2024-03-07 22:03:00+00:00,8.6767,49.4151,29000,69,69,29000
6878,2024-03-07 22:03:00+00:00,8.6764,49.3992,2024-03-07 22:18:00+00:00,8.6788,49.3837,45000,98,86,39000
4970,2024-03-07 22:03:00+00:00,8.689,49.4057,2024-03-07 22:54:00+00:00,8.689,49.4057,3000,20,18,2000
3717,2024-03-07 22:03:00+00:00,8.6851,49.3996,2024-03-07 22:21:00+00:00,8.7102,49.4095,35000,79,72,31000
8725,2024-03-07 22:06:00+00:00,8.6934,49.4094,2024-03-07 22:18:00+00:00,8.6926,49.393,10000,32,27,7000
7097,2024-03-07 22:15:00+00:00,8.7111,49.4116,2024-03-07 22:30:00+00:00,8.6848,49.3944,27000,65,58,24000
5052,2024-03-07 22:24:00+00:00,8.6848,49.395,2024-03-07 22:33:00+00:00,8.6775,49.3847,20000,51,49,19000
3138,2024-03-07 22:33:00+00:00,8.6767,49.415,2024-03-07 22:39:00+00:00,8.6679,49.4158,28000,66,66,28000
139,2024-03-07 22:39:00+00:00,8.6933,49.4104,2024-03-07 22:51:00+00:00,8.7078,49.4128,36000,81,76,33000
11091,2024-03-07 22:39:00+00:00,8.6832,49.4056,2024-03-07 22:48:00+00:00,8.6785,49.4082,31000,72,71,31000
5253,2024-03-07 22:39:00+00:00,8.6937,49.4087,2024-03-07 22:57:00+00:00,8.68,49.4352,36000,81,72,31000
6878,2024-03-07 22:42:00+00:00,8.679,49.3836,2024-03-07 22:51:00+00:00,8.69,49.3953,39000,86,78,34000
8546,2024-03-07 22:42:00+00:00,8.6698,49.3791,2024-03-07 22:51:00+00:00,8.6901,49.3832,25000,60,54,21000
3671,2024-03-07 22:42:00+00:00,8.6661,49.4054,2024-03-07 22:54:00+00:00,8.6826,49.4002,39000,86,78,34000
9491,2024-03-07 22:45:00+00:00,8.6708,49.4014,2024-03-07 22:57:00+00:00,8.6708,49.4014,9000,30,30,9000
10898,2024-03-07 22:48:00+00:00,8.7087,49.4111,2024-03-07 23:03:00+00:00,8.6815,49.3947,19000,50,44,16000
12355,2024-03-07 22:51:00+00:00,8.6793,49.4063,2024-03-07 23:00:00+00:00,8.7094,49.4133,44000,96,92,42000
8225,2024-03-07 22:51:00+00:00,8.6744,49.3986,2024-03-07 23:00:00+00:00,8.6764,49.4047,8000,29,27,7000
1899,2024-03-07 22:54:00+00:00,8.6872,49.4058,2024-03-07 23:06:00+00:00,8.6871,49.3858,38000,85,82,36000
9491,2024-03-07 22:57:00+00:00,8.6708,49.4014,2024-03-07 23:09:00+00:00,8.6824,49.3895,9000,30,27,7000
2339,2024-03-07 23:03:00+00:00,8.6757,49.4058,2024-03-07 23:18:00+00:00,8.6825,49.4322,18000,47,40,14000
5052,2024-03-07 23:03:00+00:00,8.6776,49.3847,2024-03-07 23:15:00+00:00,8.6788,49.3985,18000,47,42,15000
10367,2024-03-07 23:12:00+00:00,8.6924,49.407,2024-03-07 23:18:00+00:00,8.676,49.4043,28000,66,65,27000
3252,2024-03-07 23:21:00+00:00,8.6928,49.4101,2024-03-07 23:27:00+00:00,8.6814,49.4048,9000,31,31,9000
2352,2024-03-07 23:39:00+00:00,8.6916,49.4027,2024-03-07 23:45:00+00:00,8.6905,49.4086,36000,81,81,36000
9942,2024-03-07 23:42:00+00:00,8.6959,49.4076,2024-03-07 23:48:00+00:00,8.6959,49.4076,8000,29,29,8000
5873,2024-03-07 23:45:00+00:00,8.6957,49.4075,2024-03-07 23:51:00+00:00,8.7063,49.4096,26000,62,58,24000
11867,2024-03-07 23:45:00+00:00,8.6937,49.3781,2024-03-07 23:51:00+00:00,8.6931,49.383,13000,38,38,13000
